CREATE TABLE `considerChoice`(`id` int NOT NULL AUTO_INCREMENT, `ConsiderID` int NULL, `ChoiceType` varchar(255) NOT NULL, `ChoiceNameGroup` varchar(255) NOT NULL, `ChoiceName` varchar(255) NOT NULL, `ChoiceValue` varchar(255) NOT NULL, `entryUserName` varchar(255) NOT NULL, `entryTime` datetime NOT NULL, PRIMARY KEY (`id`))CHARACTER SET utf8;
CREATE TABLE `missionAssignment`(`id` int NOT NULL AUTO_INCREMENT, `missionFollowID` int NULL, `missionAssignmentNo` varchar(255) NOT NULL, `missionAssignmentName` varchar(255) NOT NULL, `missionAssignmentFile` mediumtext NOT NULL, `missionAssignmentDesc` mediumtext NOT NULL, `missionAssignmentConsiderName` varchar(255) NOT NULL, `missionAssignmentConsiderValue` varchar(255) NOT NULL, `missionAssignmentResponsibleName` varchar(255) NOT NULL, `entryUserName` varchar(255) NOT NULL, `entryTime` datetime NOT NULL, PRIMARY KEY (`id`))CHARACTER SET utf8;
CREATE TABLE `missionFollow`(`id` int NOT NULL AUTO_INCREMENT, `missionFollowNo` varchar(255) NOT NULL, `missionFollowName` varchar(255) NOT NULL, `missionFollowStartDate` date NOT NULL, `missionFollowEndDate` date NOT NULL, `missionFollowStatus` varchar(255) NOT NULL, `entryUserName` varchar(255) NOT NULL, `entryTime` datetime NOT NULL, PRIMARY KEY (`id`))CHARACTER SET utf8;
CREATE TABLE `optionGroup`(`id` int NOT NULL AUTO_INCREMENT, `optionGroupNumber` varchar(255) NOT NULL, `optionGroupName` varchar(255) NOT NULL, `entryUserName` varchar(255) NOT NULL, `entryTime` datetime NOT NULL, PRIMARY KEY (`id`))CHARACTER SET utf8;
CREATE TABLE `optionSub`(`id` int NOT NULL AUTO_INCREMENT, `optionGroupID` int NULL, `optionName` varchar(255) NOT NULL, `entryUserName` varchar(255) NOT NULL, `entryTime` datetime NOT NULL, PRIMARY KEY (`id`))CHARACTER SET utf8;
CREATE TABLE `process`(`id` int NOT NULL AUTO_INCREMENT, `processName` varchar(255) NOT NULL, `entryUserName` varchar(255) NOT NULL, `entryTime` datetime NOT NULL, PRIMARY KEY (`id`))CHARACTER SET utf8;
CREATE TABLE `project_audit`(`id` int NOT NULL AUTO_INCREMENT, `datetime` datetime NOT NULL, `ip` varchar(40) NOT NULL, `user` varchar(300) NULL, `table` varchar(300) NULL, `action` varchar(250) NOT NULL, `description` mediumtext NULL, PRIMARY KEY (`id`))CHARACTER SET utf8;
CREATE TABLE `project_uggroups`(`GroupID` int NOT NULL AUTO_INCREMENT, `Label` varchar(300) NULL, `typeName` varchar(255) NULL, PRIMARY KEY (`GroupID`))CHARACTER SET utf8;
CREATE TABLE `project_ugmembers`(`UserName` varchar(300) NOT NULL, `GroupID` int NOT NULL, PRIMARY KEY (`UserName`(50),`GroupID`))CHARACTER SET utf8;
CREATE TABLE `project_ugrights`(`TableName` varchar(300) NOT NULL, `GroupID` int NOT NULL, `AccessMask` varchar(10) NULL, `Page` mediumtext NULL, PRIMARY KEY (`TableName`(50),`GroupID`))CHARACTER SET utf8;
CREATE TABLE `researchAppointment`(`id` int NOT NULL AUTO_INCREMENT, `researchProjectID` int NOT NULL, `researchAppointmentNo` varchar(255) NOT NULL, `researchAppointmentPeriod` varchar(255) NOT NULL, `researchAppointmentDate` varchar(255) NOT NULL, `entryUserName` varchar(255) NOT NULL, `entryTime` datetime NOT NULL, PRIMARY KEY (`id`))CHARACTER SET utf8;
CREATE TABLE `researchAppointmentConsider`(`id` int NOT NULL AUTO_INCREMENT, `researchAppointmentID` int NOT NULL, `researchConsiderNumber` varchar(255) NOT NULL, `processName` varchar(255) NOT NULL, `stepName` varchar(255) NOT NULL, `researchConsiderFile` mediumtext NOT NULL, `researchConsiderFileCheck` varchar(255) NOT NULL, `researchRegisterDesc` mediumtext NOT NULL, `researchRegisterDescCheck` varchar(255) NOT NULL, `researchConsiderName` varchar(255) NOT NULL, `researchConsiderValue` varchar(255) NOT NULL, `entryUserName` varchar(255) NOT NULL, `entryTime` datetime NOT NULL, PRIMARY KEY (`id`))CHARACTER SET utf8;
CREATE TABLE `researchConsider`(`id` int NOT NULL AUTO_INCREMENT, `researchTypeID` int NULL, `researchConsiderNumber` varchar(255) NOT NULL, `processName` varchar(255) NOT NULL, `stepName` varchar(255) NOT NULL, `researchConsiderFile` mediumtext NOT NULL, `researchRegisterDesc` mediumtext NOT NULL, `researchConsiderName` varchar(255) NOT NULL, `entryUserName` varchar(255) NOT NULL, `entryTime` datetime NOT NULL, PRIMARY KEY (`id`))CHARACTER SET utf8;
CREATE TABLE `researchDisburseConsider`(`id` int NOT NULL AUTO_INCREMENT, `researchDisburseID` int NOT NULL, `researchConsiderNumber` varchar(255) NOT NULL, `processName` varchar(255) NOT NULL, `stepName` varchar(255) NOT NULL, `researchConsiderFile` mediumtext NOT NULL, `researchConsiderFileCheck` varchar(255) NOT NULL, `researchRegisterDesc` mediumtext NOT NULL, `researchRegisterDescCheck` varchar(255) NOT NULL, `researchConsiderName` varchar(255) NOT NULL, `researchConsiderValue` varchar(255) NOT NULL, `entryUserName` varchar(255) NOT NULL, `entryTime` datetime NOT NULL, PRIMARY KEY (`id`))CHARACTER SET utf8;
CREATE TABLE `researchOperatingPeriod`(`id` int NOT NULL AUTO_INCREMENT, `researchProjectID` int NOT NULL, `researchOperatingPeriodNo` varchar(255) NOT NULL, `researchOperatingPeriodEndDate` date NOT NULL, `researchOperatingPeriodDisburse` varchar(255) NOT NULL, `researchOperatingPeriodDisbursePercent` varchar(255) NOT NULL, `entryUserName` varchar(255) NOT NULL, `entryTime` datetime NOT NULL, PRIMARY KEY (`id`))CHARACTER SET utf8;
CREATE TABLE `researchRenewal`(`id` int NOT NULL AUTO_INCREMENT, `researchProjectID` int NOT NULL, `researchRenewalNo` varchar(255) NOT NULL, `researchRenewalPeriod` varchar(255) NOT NULL, `researchAppointmentDay` varchar(255) NOT NULL, `entryUserName` varchar(255) NOT NULL, `entryTime` datetime NOT NULL, PRIMARY KEY (`id`))CHARACTER SET utf8;
CREATE TABLE `researchRenewalConsider`(`id` int NOT NULL AUTO_INCREMENT, `researchRenewalID` int NOT NULL, `researchConsiderNumber` varchar(255) NOT NULL, `processName` varchar(255) NOT NULL, `stepName` varchar(255) NOT NULL, `researchConsiderFile` mediumtext NOT NULL, `researchConsiderFileCheck` varchar(255) NOT NULL, `researchRegisterDesc` mediumtext NOT NULL, `researchRegisterDescCheck` varchar(255) NOT NULL, `researchConsiderName` varchar(255) NOT NULL, `researchConsiderValue` varchar(255) NOT NULL, `entryUserName` varchar(255) NOT NULL, `entryTime` datetime NOT NULL, PRIMARY KEY (`id`))CHARACTER SET utf8;
CREATE TABLE `researchScholarshipConsider`(`id` int NOT NULL AUTO_INCREMENT, `researchProjectID` int NOT NULL, `researchConsiderNumber` varchar(255) NOT NULL, `processName` varchar(255) NOT NULL, `stepName` varchar(255) NOT NULL, `researchConsiderFile` mediumtext NOT NULL, `researchConsiderFileCheck` varchar(255) NOT NULL, `researchRegisterDesc` mediumtext NOT NULL, `researchRegisterDescCheck` varchar(255) NOT NULL, `researchConsiderName` varchar(255) NOT NULL, `researchConsiderValue` varchar(255) NOT NULL, `entryUserName` varchar(255) NOT NULL, `entryTime` datetime NOT NULL, PRIMARY KEY (`id`))CHARACTER SET utf8;
CREATE TABLE `researchScholarshipProposal`(`id` int NOT NULL AUTO_INCREMENT, `researchRegisterID` int NOT NULL, `researchProjectNo` varchar(255) NOT NULL, `researchProjectGroupName` varchar(255) NOT NULL, `researchProjectNameThai` varchar(255) NOT NULL, `researchProjectNameEng` varchar(255) NOT NULL, `researchProjectPeriodYear` smallint(6) NOT NULL, `researchProjectPeriodMonth` smallint(6) NOT NULL, `researchProjectEndDate` date NOT NULL, `researchOperatingPeriodEndDate` date NOT NULL, `researchProjectRequestedBudget` double NOT NULL, `researchProjectDepartment` varchar(255) NOT NULL, `researchProjectMainField` varchar(255) NOT NULL, `researchProjectSubField` varchar(255) NOT NULL, `researchProjectHeadName` varchar(255) NOT NULL, `researchProjectAffiliationName` varchar(255) NOT NULL, `researchProjectSubAffiliationName` varchar(255) NOT NULL, `researchProjectAffiliationMobile` varchar(255) NOT NULL, `researchProjectAffiliationTelephone` varchar(255) NOT NULL, `researchProjectAffiliationEmail` varchar(255) NOT NULL, `researchProjectFile` mediumtext NOT NULL, `researchProjectBankAccountName` varchar(255) NOT NULL, `researchProjectBankNo` varchar(255) NOT NULL, `researchProjectBankName` varchar(255) NOT NULL, `researchProjectStatus` varchar(255) NOT NULL, `ScholarshipProposalFinishStatus` varchar(255) NOT NULL, `researchProjectAppointmentStatus` varchar(255) NOT NULL, `researchProjectDisburseStatus` varchar(255) NOT NULL, `contractSignDate` date NOT NULL, `contractSignFile` mediumtext NOT NULL, `projectStatusDesc` varchar(255) NOT NULL, `projectStatus` varchar(255) NOT NULL, `trackingProjectDesc` varchar(255) NOT NULL, `trackingProjectDescResult` varchar(255) NOT NULL, `entryUserName` varchar(255) NOT NULL, `entryTime` datetime NOT NULL, PRIMARY KEY (`id`))CHARACTER SET utf8;
CREATE TABLE `researchScholarshipRegister`(`id` int NOT NULL AUTO_INCREMENT, `researchRegisterNo` varchar(255) NOT NULL, `researchRegisterName` varchar(255) NOT NULL, `researchRegisterStartDate` date NOT NULL, `researchRegisterEndDate` date NOT NULL, `researchRegisterFile` mediumtext NOT NULL, `researchType` varchar(255) NULL, `researchRegisterStatus` varchar(255) NOT NULL, `entryUserName` varchar(255) NOT NULL, `entryTime` datetime NOT NULL, PRIMARY KEY (`id`))CHARACTER SET utf8;
CREATE TABLE `researchType`(`id` int NOT NULL AUTO_INCREMENT, `typeNumber` tinyint NOT NULL, `typeName` varchar(255) NOT NULL, `entryUserName` varchar(255) NOT NULL, `entryTime` datetime NOT NULL, PRIMARY KEY (`id`))CHARACTER SET utf8;
CREATE TABLE `staffUsers`(`id` int NOT NULL AUTO_INCREMENT, `staffFullName` varchar(255) NOT NULL, `staffUsername` varchar(255) NOT NULL, `staffPassword` varchar(255) NOT NULL, `staffEmail` varchar(255) NOT NULL, `staffStatus` int NOT NULL, `staffEmailNotify` varchar(255) NOT NULL, `entryUserName` varchar(255) NOT NULL, `entryTime` datetime NOT NULL, `apikey` varchar(100) NULL, PRIMARY KEY (`id`))CHARACTER SET utf8;
CREATE TABLE `statusType`(`id` int NOT NULL AUTO_INCREMENT, `statusType` varchar(255) NULL, `statusName` varchar(255) NULL, `statusValue` varchar(255) NULL, `entryUserName` varchar(255) NOT NULL, `entryTime` datetime NOT NULL, PRIMARY KEY (`id`))CHARACTER SET utf8;
SET FOREIGN_KEY_CHECKS = 0;
INSERT INTO `considerChoice` (`id`,`ConsiderID`,`ChoiceType`,`ChoiceNameGroup`,`ChoiceName`,`ChoiceValue`,`entryUserName`,`entryTime`) VALUES (1,1,'researchScholarshipConsider','ครบ/ไม่ครบ','ครบ','true','ชนะพล ลมุลทรัพย์','2022-06-29 20:38:25');
INSERT INTO `considerChoice` (`id`,`ConsiderID`,`ChoiceType`,`ChoiceNameGroup`,`ChoiceName`,`ChoiceValue`,`entryUserName`,`entryTime`) VALUES (2,1,'researchScholarshipConsider','ครบ/ไม่ครบ','ไม่ครบ','false','ชนะพล ลมุลทรัพย์','2022-06-29 20:38:25');
INSERT INTO `considerChoice` (`id`,`ConsiderID`,`ChoiceType`,`ChoiceNameGroup`,`ChoiceName`,`ChoiceValue`,`entryUserName`,`entryTime`) VALUES (3,2,'researchScholarshipConsider','ผ่าน/ไม่ผ่าน','ผ่าน','true','ชนะพล ลมุลทรัพย์','2022-06-29 20:38:25');
INSERT INTO `considerChoice` (`id`,`ConsiderID`,`ChoiceType`,`ChoiceNameGroup`,`ChoiceName`,`ChoiceValue`,`entryUserName`,`entryTime`) VALUES (4,2,'researchScholarshipConsider','ผ่าน/ไม่ผ่าน','ไม่ผ่าน','false','ชนะพล ลมุลทรัพย์','2022-06-29 20:38:26');
INSERT INTO `considerChoice` (`id`,`ConsiderID`,`ChoiceType`,`ChoiceNameGroup`,`ChoiceName`,`ChoiceValue`,`entryUserName`,`entryTime`) VALUES (5,3,'researchScholarshipConsider','ผ่าน/ไม่ผ่าน','ผ่าน','true','ชนะพล ลมุลทรัพย์','2022-06-29 20:38:26');
INSERT INTO `considerChoice` (`id`,`ConsiderID`,`ChoiceType`,`ChoiceNameGroup`,`ChoiceName`,`ChoiceValue`,`entryUserName`,`entryTime`) VALUES (6,3,'researchScholarshipConsider','ผ่าน/ไม่ผ่าน','ไม่ผ่าน','false','ชนะพล ลมุลทรัพย์','2022-06-29 20:38:26');
INSERT INTO `considerChoice` (`id`,`ConsiderID`,`ChoiceType`,`ChoiceNameGroup`,`ChoiceName`,`ChoiceValue`,`entryUserName`,`entryTime`) VALUES (7,1,'researchDisburseConsider','ทำแล้ว/ยังไม่ได้ทำ','ทำแล้ว','true','ชนะพล ลมุลทรัพย์','2022-06-29 20:38:26');
INSERT INTO `considerChoice` (`id`,`ConsiderID`,`ChoiceType`,`ChoiceNameGroup`,`ChoiceName`,`ChoiceValue`,`entryUserName`,`entryTime`) VALUES (8,1,'researchDisburseConsider','ทำแล้ว/ยังไม่ได้ทำ','ยังไม่ได้ทำ','false','ชนะพล ลมุลทรัพย์','2022-06-29 20:38:26');
INSERT INTO `considerChoice` (`id`,`ConsiderID`,`ChoiceType`,`ChoiceNameGroup`,`ChoiceName`,`ChoiceValue`,`entryUserName`,`entryTime`) VALUES (9,2,'researchDisburseConsider','อนุมัติ/ไม่อนุมัติ','อนุมัติ','true','ชนะพล ลมุลทรัพย์','2022-06-29 20:38:26');
INSERT INTO `considerChoice` (`id`,`ConsiderID`,`ChoiceType`,`ChoiceNameGroup`,`ChoiceName`,`ChoiceValue`,`entryUserName`,`entryTime`) VALUES (10,2,'researchDisburseConsider','อนุมัติ/ไม่อนุมัติ','ไม่อนุมัติ','false','ชนะพล ลมุลทรัพย์','2022-06-29 20:38:26');
INSERT INTO `considerChoice` (`id`,`ConsiderID`,`ChoiceType`,`ChoiceNameGroup`,`ChoiceName`,`ChoiceValue`,`entryUserName`,`entryTime`) VALUES (11,3,'researchDisburseConsider','ทำแล้ว/ยังไม่ได้ทำ','ทำแล้ว','true','ชนะพล ลมุลทรัพย์','2022-06-29 20:38:26');
INSERT INTO `considerChoice` (`id`,`ConsiderID`,`ChoiceType`,`ChoiceNameGroup`,`ChoiceName`,`ChoiceValue`,`entryUserName`,`entryTime`) VALUES (12,3,'researchDisburseConsider','ทำแล้ว/ยังไม่ได้ทำ','ยังไม่ได้ทำ','false','ชนะพล ลมุลทรัพย์','2022-06-29 20:38:26');
INSERT INTO `considerChoice` (`id`,`ConsiderID`,`ChoiceType`,`ChoiceNameGroup`,`ChoiceName`,`ChoiceValue`,`entryUserName`,`entryTime`) VALUES (13,4,'researchDisburseConsider','อนุมัติ/ไม่อนุมัติ','อนุมัติ','true','ชนะพล ลมุลทรัพย์','2022-06-29 20:38:26');
INSERT INTO `considerChoice` (`id`,`ConsiderID`,`ChoiceType`,`ChoiceNameGroup`,`ChoiceName`,`ChoiceValue`,`entryUserName`,`entryTime`) VALUES (14,4,'researchDisburseConsider','อนุมัติ/ไม่อนุมัติ','ไม่อนุมัติ','false','ชนะพล ลมุลทรัพย์','2022-06-29 20:38:26');
INSERT INTO `considerChoice` (`id`,`ConsiderID`,`ChoiceType`,`ChoiceNameGroup`,`ChoiceName`,`ChoiceValue`,`entryUserName`,`entryTime`) VALUES (15,5,'researchDisburseConsider','ทำแล้ว/ยังไม่ได้ทำ','ทำแล้ว','true','ชนะพล ลมุลทรัพย์','2022-06-29 20:38:26');
INSERT INTO `considerChoice` (`id`,`ConsiderID`,`ChoiceType`,`ChoiceNameGroup`,`ChoiceName`,`ChoiceValue`,`entryUserName`,`entryTime`) VALUES (16,5,'researchDisburseConsider','ทำแล้ว/ยังไม่ได้ทำ','ยังไม่ได้ทำ','false','ชนะพล ลมุลทรัพย์','2022-06-29 20:38:26');
INSERT INTO `considerChoice` (`id`,`ConsiderID`,`ChoiceType`,`ChoiceNameGroup`,`ChoiceName`,`ChoiceValue`,`entryUserName`,`entryTime`) VALUES (17,6,'researchDisburseConsider','อนุมัติ/ไม่อนุมัติ','อนุมัติ','true','ชนะพล ลมุลทรัพย์','2022-06-29 20:38:26');
INSERT INTO `considerChoice` (`id`,`ConsiderID`,`ChoiceType`,`ChoiceNameGroup`,`ChoiceName`,`ChoiceValue`,`entryUserName`,`entryTime`) VALUES (18,6,'researchDisburseConsider','อนุมัติ/ไม่อนุมัติ','ไม่อนุมัติ','false','ชนะพล ลมุลทรัพย์','2022-06-29 20:38:26');
INSERT INTO `considerChoice` (`id`,`ConsiderID`,`ChoiceType`,`ChoiceNameGroup`,`ChoiceName`,`ChoiceValue`,`entryUserName`,`entryTime`) VALUES (19,1,'researchAppointmentConsider','ทำแล้ว/ยังไม่ได้ทำ','ทำแล้ว','true','ชนะพล ลมุลทรัพย์','2022-06-30 13:17:03');
INSERT INTO `considerChoice` (`id`,`ConsiderID`,`ChoiceType`,`ChoiceNameGroup`,`ChoiceName`,`ChoiceValue`,`entryUserName`,`entryTime`) VALUES (20,1,'researchAppointmentConsider','ทำแล้ว/ยังไม่ได้ทำ','ยังไม่ได้ทำ','false','ชนะพล ลมุลทรัพย์','2022-06-30 13:17:03');
INSERT INTO `considerChoice` (`id`,`ConsiderID`,`ChoiceType`,`ChoiceNameGroup`,`ChoiceName`,`ChoiceValue`,`entryUserName`,`entryTime`) VALUES (21,2,'researchAppointmentConsider','ทำแล้ว/ยังไม่ได้ทำ','ทำแล้ว','true','ชนะพล ลมุลทรัพย์','2022-06-30 13:17:03');
INSERT INTO `considerChoice` (`id`,`ConsiderID`,`ChoiceType`,`ChoiceNameGroup`,`ChoiceName`,`ChoiceValue`,`entryUserName`,`entryTime`) VALUES (22,2,'researchAppointmentConsider','ทำแล้ว/ยังไม่ได้ทำ','ยังไม่ได้ทำ','false','ชนะพล ลมุลทรัพย์','2022-06-30 13:17:03');
INSERT INTO `considerChoice` (`id`,`ConsiderID`,`ChoiceType`,`ChoiceNameGroup`,`ChoiceName`,`ChoiceValue`,`entryUserName`,`entryTime`) VALUES (23,3,'researchAppointmentConsider','ผ่าน/ไม่ผ่าน','ผ่าน','true','ชนะพล ลมุลทรัพย์','2022-06-30 13:17:03');
INSERT INTO `considerChoice` (`id`,`ConsiderID`,`ChoiceType`,`ChoiceNameGroup`,`ChoiceName`,`ChoiceValue`,`entryUserName`,`entryTime`) VALUES (24,3,'researchAppointmentConsider','ผ่าน/ไม่ผ่าน','ไม่ผ่าน','false','ชนะพล ลมุลทรัพย์','2022-06-30 13:17:03');
INSERT INTO `considerChoice` (`id`,`ConsiderID`,`ChoiceType`,`ChoiceNameGroup`,`ChoiceName`,`ChoiceValue`,`entryUserName`,`entryTime`) VALUES (25,4,'researchAppointmentConsider','ผ่าน/ไม่ผ่าน','ผ่าน','true','ชนะพล ลมุลทรัพย์','2022-06-30 13:17:03');
INSERT INTO `considerChoice` (`id`,`ConsiderID`,`ChoiceType`,`ChoiceNameGroup`,`ChoiceName`,`ChoiceValue`,`entryUserName`,`entryTime`) VALUES (26,4,'researchAppointmentConsider','ผ่าน/ไม่ผ่าน','ไม่ผ่าน','false','ชนะพล ลมุลทรัพย์','2022-06-30 13:17:03');
INSERT INTO `considerChoice` (`id`,`ConsiderID`,`ChoiceType`,`ChoiceNameGroup`,`ChoiceName`,`ChoiceValue`,`entryUserName`,`entryTime`) VALUES (27,4,'researchScholarshipConsider','ครบ/ไม่ครบ','ครบ','true','ชนะพล ลมุลทรัพย์','2022-07-01 12:22:18');
INSERT INTO `considerChoice` (`id`,`ConsiderID`,`ChoiceType`,`ChoiceNameGroup`,`ChoiceName`,`ChoiceValue`,`entryUserName`,`entryTime`) VALUES (28,4,'researchScholarshipConsider','ครบ/ไม่ครบ','ไม่ครบ','false','ชนะพล ลมุลทรัพย์','2022-07-01 12:22:18');
INSERT INTO `considerChoice` (`id`,`ConsiderID`,`ChoiceType`,`ChoiceNameGroup`,`ChoiceName`,`ChoiceValue`,`entryUserName`,`entryTime`) VALUES (29,5,'researchScholarshipConsider','ผ่าน/ไม่ผ่าน','ผ่าน','true','ชนะพล ลมุลทรัพย์','2022-07-01 12:22:18');
INSERT INTO `considerChoice` (`id`,`ConsiderID`,`ChoiceType`,`ChoiceNameGroup`,`ChoiceName`,`ChoiceValue`,`entryUserName`,`entryTime`) VALUES (30,5,'researchScholarshipConsider','ผ่าน/ไม่ผ่าน','ไม่ผ่าน','false','ชนะพล ลมุลทรัพย์','2022-07-01 12:22:18');
INSERT INTO `considerChoice` (`id`,`ConsiderID`,`ChoiceType`,`ChoiceNameGroup`,`ChoiceName`,`ChoiceValue`,`entryUserName`,`entryTime`) VALUES (31,6,'researchScholarshipConsider','ผ่าน/ไม่ผ่าน','ผ่าน','true','ชนะพล ลมุลทรัพย์','2022-07-01 12:22:18');
INSERT INTO `considerChoice` (`id`,`ConsiderID`,`ChoiceType`,`ChoiceNameGroup`,`ChoiceName`,`ChoiceValue`,`entryUserName`,`entryTime`) VALUES (32,6,'researchScholarshipConsider','ผ่าน/ไม่ผ่าน','ไม่ผ่าน','false','ชนะพล ลมุลทรัพย์','2022-07-01 12:22:18');
INSERT INTO `considerChoice` (`id`,`ConsiderID`,`ChoiceType`,`ChoiceNameGroup`,`ChoiceName`,`ChoiceValue`,`entryUserName`,`entryTime`) VALUES (33,7,'researchScholarshipConsider','ครบ/ไม่ครบ','ครบ','true','ชนะพล ลมุลทรัพย์','2022-07-01 12:22:32');
INSERT INTO `considerChoice` (`id`,`ConsiderID`,`ChoiceType`,`ChoiceNameGroup`,`ChoiceName`,`ChoiceValue`,`entryUserName`,`entryTime`) VALUES (34,7,'researchScholarshipConsider','ครบ/ไม่ครบ','ไม่ครบ','false','ชนะพล ลมุลทรัพย์','2022-07-01 12:22:32');
INSERT INTO `considerChoice` (`id`,`ConsiderID`,`ChoiceType`,`ChoiceNameGroup`,`ChoiceName`,`ChoiceValue`,`entryUserName`,`entryTime`) VALUES (35,8,'researchScholarshipConsider','ผ่าน/ไม่ผ่าน','ผ่าน','true','ชนะพล ลมุลทรัพย์','2022-07-01 12:22:32');
INSERT INTO `considerChoice` (`id`,`ConsiderID`,`ChoiceType`,`ChoiceNameGroup`,`ChoiceName`,`ChoiceValue`,`entryUserName`,`entryTime`) VALUES (36,8,'researchScholarshipConsider','ผ่าน/ไม่ผ่าน','ไม่ผ่าน','false','ชนะพล ลมุลทรัพย์','2022-07-01 12:22:32');
INSERT INTO `considerChoice` (`id`,`ConsiderID`,`ChoiceType`,`ChoiceNameGroup`,`ChoiceName`,`ChoiceValue`,`entryUserName`,`entryTime`) VALUES (37,9,'researchScholarshipConsider','ผ่าน/ไม่ผ่าน','ผ่าน','true','ชนะพล ลมุลทรัพย์','2022-07-01 12:22:32');
INSERT INTO `considerChoice` (`id`,`ConsiderID`,`ChoiceType`,`ChoiceNameGroup`,`ChoiceName`,`ChoiceValue`,`entryUserName`,`entryTime`) VALUES (38,9,'researchScholarshipConsider','ผ่าน/ไม่ผ่าน','ไม่ผ่าน','false','ชนะพล ลมุลทรัพย์','2022-07-01 12:22:32');
INSERT INTO `considerChoice` (`id`,`ConsiderID`,`ChoiceType`,`ChoiceNameGroup`,`ChoiceName`,`ChoiceValue`,`entryUserName`,`entryTime`) VALUES (39,10,'researchScholarshipConsider','ครบ/ไม่ครบ','ครบ','true','ชนะพล ลมุลทรัพย์','2022-07-01 12:23:01');
INSERT INTO `considerChoice` (`id`,`ConsiderID`,`ChoiceType`,`ChoiceNameGroup`,`ChoiceName`,`ChoiceValue`,`entryUserName`,`entryTime`) VALUES (40,10,'researchScholarshipConsider','ครบ/ไม่ครบ','ไม่ครบ','false','ชนะพล ลมุลทรัพย์','2022-07-01 12:23:01');
INSERT INTO `considerChoice` (`id`,`ConsiderID`,`ChoiceType`,`ChoiceNameGroup`,`ChoiceName`,`ChoiceValue`,`entryUserName`,`entryTime`) VALUES (41,11,'researchScholarshipConsider','ผ่าน/ไม่ผ่าน','ผ่าน','true','ชนะพล ลมุลทรัพย์','2022-07-01 12:23:01');
INSERT INTO `considerChoice` (`id`,`ConsiderID`,`ChoiceType`,`ChoiceNameGroup`,`ChoiceName`,`ChoiceValue`,`entryUserName`,`entryTime`) VALUES (42,11,'researchScholarshipConsider','ผ่าน/ไม่ผ่าน','ไม่ผ่าน','false','ชนะพล ลมุลทรัพย์','2022-07-01 12:23:01');
INSERT INTO `considerChoice` (`id`,`ConsiderID`,`ChoiceType`,`ChoiceNameGroup`,`ChoiceName`,`ChoiceValue`,`entryUserName`,`entryTime`) VALUES (43,12,'researchScholarshipConsider','ผ่าน/ไม่ผ่าน','ผ่าน','true','ชนะพล ลมุลทรัพย์','2022-07-01 12:23:01');
INSERT INTO `considerChoice` (`id`,`ConsiderID`,`ChoiceType`,`ChoiceNameGroup`,`ChoiceName`,`ChoiceValue`,`entryUserName`,`entryTime`) VALUES (44,12,'researchScholarshipConsider','ผ่าน/ไม่ผ่าน','ไม่ผ่าน','false','ชนะพล ลมุลทรัพย์','2022-07-01 12:23:01');
INSERT INTO `considerChoice` (`id`,`ConsiderID`,`ChoiceType`,`ChoiceNameGroup`,`ChoiceName`,`ChoiceValue`,`entryUserName`,`entryTime`) VALUES (45,13,'researchScholarshipConsider','ครบ/ไม่ครบ','ครบ','true','ชนะพล ลมุลทรัพย์','2022-07-01 12:23:17');
INSERT INTO `considerChoice` (`id`,`ConsiderID`,`ChoiceType`,`ChoiceNameGroup`,`ChoiceName`,`ChoiceValue`,`entryUserName`,`entryTime`) VALUES (46,13,'researchScholarshipConsider','ครบ/ไม่ครบ','ไม่ครบ','false','ชนะพล ลมุลทรัพย์','2022-07-01 12:23:17');
INSERT INTO `considerChoice` (`id`,`ConsiderID`,`ChoiceType`,`ChoiceNameGroup`,`ChoiceName`,`ChoiceValue`,`entryUserName`,`entryTime`) VALUES (47,14,'researchScholarshipConsider','ผ่าน/ไม่ผ่าน','ผ่าน','true','ชนะพล ลมุลทรัพย์','2022-07-01 12:23:17');
INSERT INTO `considerChoice` (`id`,`ConsiderID`,`ChoiceType`,`ChoiceNameGroup`,`ChoiceName`,`ChoiceValue`,`entryUserName`,`entryTime`) VALUES (48,14,'researchScholarshipConsider','ผ่าน/ไม่ผ่าน','ไม่ผ่าน','false','ชนะพล ลมุลทรัพย์','2022-07-01 12:23:17');
INSERT INTO `considerChoice` (`id`,`ConsiderID`,`ChoiceType`,`ChoiceNameGroup`,`ChoiceName`,`ChoiceValue`,`entryUserName`,`entryTime`) VALUES (49,15,'researchScholarshipConsider','ผ่าน/ไม่ผ่าน','ผ่าน','true','ชนะพล ลมุลทรัพย์','2022-07-01 12:23:17');
INSERT INTO `considerChoice` (`id`,`ConsiderID`,`ChoiceType`,`ChoiceNameGroup`,`ChoiceName`,`ChoiceValue`,`entryUserName`,`entryTime`) VALUES (50,15,'researchScholarshipConsider','ผ่าน/ไม่ผ่าน','ไม่ผ่าน','false','ชนะพล ลมุลทรัพย์','2022-07-01 12:23:17');
SET FOREIGN_KEY_CHECKS = 1;
SET FOREIGN_KEY_CHECKS = 0;
INSERT INTO `missionAssignment` (`id`,`missionFollowID`,`missionAssignmentNo`,`missionAssignmentName`,`missionAssignmentFile`,`missionAssignmentDesc`,`missionAssignmentConsiderName`,`missionAssignmentConsiderValue`,`missionAssignmentResponsibleName`,`entryUserName`,`entryTime`) VALUES (1,2,'0001','ประชาสัมพันธ์แจ้งข่าวไปยังผู้ประกอบการทางจดหมาย','','2022-06-08','','ทำแล้ว','ijew.mua@gmail.com','Administrator','2022-06-24 20:45:39');
INSERT INTO `missionAssignment` (`id`,`missionFollowID`,`missionAssignmentNo`,`missionAssignmentName`,`missionAssignmentFile`,`missionAssignmentDesc`,`missionAssignmentConsiderName`,`missionAssignmentConsiderValue`,`missionAssignmentResponsibleName`,`entryUserName`,`entryTime`) VALUES (4,2,'0002','จัดเตรียมสถานที่','','','','ทำแล้ว','new.scholar2021@gmail.com','Administrator','2022-06-24 08:15:30');
INSERT INTO `missionAssignment` (`id`,`missionFollowID`,`missionAssignmentNo`,`missionAssignmentName`,`missionAssignmentFile`,`missionAssignmentDesc`,`missionAssignmentConsiderName`,`missionAssignmentConsiderValue`,`missionAssignmentResponsibleName`,`entryUserName`,`entryTime`) VALUES (3,1,'2','ทดสอบ2','','ปปป','ครบ/ไม่ครบ','ครบ','ijew.mua@gmail.com','ชนะพล ลมุลทรัพย์','2022-06-23 17:17:55');
SET FOREIGN_KEY_CHECKS = 1;
SET FOREIGN_KEY_CHECKS = 0;
INSERT INTO `missionFollow` (`id`,`missionFollowNo`,`missionFollowName`,`missionFollowStartDate`,`missionFollowEndDate`,`missionFollowStatus`,`entryUserName`,`entryTime`) VALUES (1,'0001','ประชาสัมพันธ์การเปิดรับสมัครข้อเสนอโครงการขอรับทุน Talent Mobility','2022-06-08','2022-06-08','ครบ 100.00%','ชนะพล ลมุลทรัพย์','2022-06-24 13:17:27');
INSERT INTO `missionFollow` (`id`,`missionFollowNo`,`missionFollowName`,`missionFollowStartDate`,`missionFollowEndDate`,`missionFollowStatus`,`entryUserName`,`entryTime`) VALUES (2,'0002','กิจกรรมอุดมศึกษาพบผู้ประกอบการ 2565','2022-06-26','2022-06-26','ทำแล้ว 100.00%','ชนะพล ลมุลทรัพย์','2022-06-24 13:17:32');
SET FOREIGN_KEY_CHECKS = 1;
SET FOREIGN_KEY_CHECKS = 0;
INSERT INTO `optionGroup` (`id`,`optionGroupNumber`,`optionGroupName`,`entryUserName`,`entryTime`) VALUES (1,'1','สถานะการดำเนินการ','','0000-00-00 00:00:00');
INSERT INTO `optionGroup` (`id`,`optionGroupNumber`,`optionGroupName`,`entryUserName`,`entryTime`) VALUES (2,'2','รูปแบบการพิจารณา','ชนะพล ลมุลทรัพย์','2022-06-22 13:32:39');
INSERT INTO `optionGroup` (`id`,`optionGroupNumber`,`optionGroupName`,`entryUserName`,`entryTime`) VALUES (3,'3','ผลการติดตามงานหลังปิดโครงการ','user1','2022-06-28 15:55:54');
INSERT INTO `optionGroup` (`id`,`optionGroupNumber`,`optionGroupName`,`entryUserName`,`entryTime`) VALUES (4,'4','กลุ่มโครงการ','ชนะพล ลมุลทรัพย์','2022-06-28 22:22:24');
SET FOREIGN_KEY_CHECKS = 1;
SET FOREIGN_KEY_CHECKS = 0;
INSERT INTO `optionSub` (`id`,`optionGroupID`,`optionName`,`entryUserName`,`entryTime`) VALUES (1,2,'ครบ/ไม่ครบ','ชนะพล ลมุลทรัพย์','2022-06-20 22:03:16');
INSERT INTO `optionSub` (`id`,`optionGroupID`,`optionName`,`entryUserName`,`entryTime`) VALUES (2,2,'อนุมัติ/ไม่อนุมัติ','','0000-00-00 00:00:00');
INSERT INTO `optionSub` (`id`,`optionGroupID`,`optionName`,`entryUserName`,`entryTime`) VALUES (3,2,'ทำแล้ว/ยังไม่ได้ทำ','','0000-00-00 00:00:00');
INSERT INTO `optionSub` (`id`,`optionGroupID`,`optionName`,`entryUserName`,`entryTime`) VALUES (4,2,'ผ่าน/ไม่ผ่าน','','0000-00-00 00:00:00');
INSERT INTO `optionSub` (`id`,`optionGroupID`,`optionName`,`entryUserName`,`entryTime`) VALUES (6,2,'ผ่าน/ผ่านแบบมีเงื่อน','ชนะพล ลมุลทรัพย์','2022-06-22 13:32:36');
INSERT INTO `optionSub` (`id`,`optionGroupID`,`optionName`,`entryUserName`,`entryTime`) VALUES (7,1,'อยู่ระหว่างการดำเนินการ','ชนะพล ลมุลทรัพย์','2022-06-28 14:35:46');
INSERT INTO `optionSub` (`id`,`optionGroupID`,`optionName`,`entryUserName`,`entryTime`) VALUES (8,1,'สิ้นสุดโครงการ','ชนะพล ลมุลทรัพย์','2022-06-28 14:36:13');
INSERT INTO `optionSub` (`id`,`optionGroupID`,`optionName`,`entryUserName`,`entryTime`) VALUES (9,1,'อยู่ระหว่างการขยายเวลา','ชนะพล ลมุลทรัพย์','2022-06-28 14:36:31');
INSERT INTO `optionSub` (`id`,`optionGroupID`,`optionName`,`entryUserName`,`entryTime`) VALUES (10,1,'ยกเลิกโครงการ','ชนะพล ลมุลทรัพย์','2022-06-28 14:36:56');
INSERT INTO `optionSub` (`id`,`optionGroupID`,`optionName`,`entryUserName`,`entryTime`) VALUES (11,3,'เก็บเป็นคลังความรู้','user1','2022-06-28 15:56:33');
INSERT INTO `optionSub` (`id`,`optionGroupID`,`optionName`,`entryUserName`,`entryTime`) VALUES (12,3,'นำไปใช้ประโยชน์','user1','2022-06-28 15:55:54');
INSERT INTO `optionSub` (`id`,`optionGroupID`,`optionName`,`entryUserName`,`entryTime`) VALUES (13,4,'วิทยาการสิ่งมีชีวิตจากนอกโลก','ชนะพล ลมุลทรัพย์','2022-06-28 22:21:57');
SET FOREIGN_KEY_CHECKS = 1;
SET FOREIGN_KEY_CHECKS = 0;
INSERT INTO `process` (`id`,`processName`,`entryUserName`,`entryTime`) VALUES (1,'รับสมัครขอรับทุน','','0000-00-00 00:00:00');
INSERT INTO `process` (`id`,`processName`,`entryUserName`,`entryTime`) VALUES (2,'ขออนุมัติการเบิกจ่าย','','0000-00-00 00:00:00');
INSERT INTO `process` (`id`,`processName`,`entryUserName`,`entryTime`) VALUES (3,'นัดหมายและติดตามงาน','','0000-00-00 00:00:00');
INSERT INTO `process` (`id`,`processName`,`entryUserName`,`entryTime`) VALUES (4,'ขอขยายระยะเวลาโครงการ','','0000-00-00 00:00:00');
SET FOREIGN_KEY_CHECKS = 1;
SET FOREIGN_KEY_CHECKS = 0;
INSERT INTO `project_audit` (`id`,`datetime`,`ip`,`user`,`table`,`action`,`description`) VALUES (1,'2022-06-29 19:16:32','192.168.1.110','nutss','researchScholarshipProposal','add','---Keys\r\nid : 1\r\n---Fields\r\nresearchRegisterID [new]: 1\r\nresearchProjectNo [new]: AB-001\r\nresearchProjectGroupName [new]: วิทยาการสิ่งมีชีวิตจากนอกโลก\r\nresearchProjectPeriodYear [new]: 1\r\nresearchProjectPeriodMonth [new]: 4\r\nresearchProjectRequestedBudget [new]: 500\r\nentryUserName [new]: ชนะพล ลมุลทรัพย์\r\nentryTime [new]: 2022-06-29 19:14:55\r\n');
INSERT INTO `project_audit` (`id`,`datetime`,`ip`,`user`,`table`,`action`,`description`) VALUES (2,'2022-06-29 19:16:33','192.168.1.110','nutss','researchOperatingPeriod','add','---Keys\r\nid : 5\r\n---Fields\r\nresearchOperatingPeriodNo [new]: 2\r\nresearchOperatingPeriodEndDate [new]: 2022-06-29 00:00:00\r\nresearchOperatingPeriodDisburse [new]: 500\r\nresearchOperatingPeriodDisbursePercent [new]: 20\r\nentryUserName [new]: ชนะพล ลมุลทรัพย์\r\nentryTime [new]: 2022-06-29 19:15:26\r\nresearchProjectID [new]: 1\r\n');
INSERT INTO `project_audit` (`id`,`datetime`,`ip`,`user`,`table`,`action`,`description`) VALUES (3,'2022-06-29 19:16:33','192.168.1.110','nutss','researchOperatingPeriod','add','---Keys\r\nid : 6\r\n---Fields\r\nresearchOperatingPeriodNo [new]: 1\r\nresearchOperatingPeriodEndDate [new]: 2022-06-29 00:00:00\r\nresearchOperatingPeriodDisburse [new]: 200\r\nresearchOperatingPeriodDisbursePercent [new]: 15\r\nentryUserName [new]: ชนะพล ลมุลทรัพย์\r\nentryTime [new]: 2022-06-29 19:14:55\r\nresearchProjectID [new]: 1\r\n');
INSERT INTO `project_audit` (`id`,`datetime`,`ip`,`user`,`table`,`action`,`description`) VALUES (4,'2022-06-29 19:27:33','192.168.1.110','nutss','researchScholarshipProposal','add','---Keys\r\nid : 1\r\n---Fields\r\nresearchRegisterID [new]: 1\r\nresearchProjectNo [new]: AB-003\r\nresearchProjectGroupName [new]: วิทยาการสิ่งมีชีวิตจากนอกโลก\r\nresearchProjectNameThai [new]: สินเชื่อธนาคารออมสิน โครงการมนุษย์เงินเดือน\r\nresearchProjectPeriodYear [new]: 5\r\nresearchProjectPeriodMonth [new]: 10\r\nresearchProjectRequestedBudget [new]: 3650000\r\nentryUserName [new]: ชนะพล ลมุลทรัพย์\r\nentryTime [new]: 2022-06-29 19:26:07\r\n');
INSERT INTO `project_audit` (`id`,`datetime`,`ip`,`user`,`table`,`action`,`description`) VALUES (5,'2022-06-29 19:27:33','192.168.1.110','nutss','researchOperatingPeriod','add','---Keys\r\nid : 7\r\n---Fields\r\nresearchOperatingPeriodNo [new]: 3\r\nresearchOperatingPeriodEndDate [new]: 2022-06-29 00:00:00\r\nresearchOperatingPeriodDisburse [new]: 6500\r\nresearchOperatingPeriodDisbursePercent [new]: 50\r\nentryUserName [new]: ชนะพล ลมุลทรัพย์\r\nentryTime [new]: 2022-06-29 19:27:18\r\nresearchProjectID [new]: 1\r\n');
INSERT INTO `project_audit` (`id`,`datetime`,`ip`,`user`,`table`,`action`,`description`) VALUES (6,'2022-06-29 19:27:33','192.168.1.110','nutss','researchOperatingPeriod','add','---Keys\r\nid : 8\r\n---Fields\r\nresearchOperatingPeriodNo [new]: 2\r\nresearchOperatingPeriodEndDate [new]: 2022-06-29 00:00:00\r\nresearchOperatingPeriodDisburse [new]: 4500\r\nresearchOperatingPeriodDisbursePercent [new]: 30\r\nentryUserName [new]: ชนะพล ลมุลทรัพย์\r\nentryTime [new]: 2022-06-29 19:27:08\r\nresearchProjectID [new]: 1\r\n');
INSERT INTO `project_audit` (`id`,`datetime`,`ip`,`user`,`table`,`action`,`description`) VALUES (7,'2022-06-29 19:27:33','192.168.1.110','nutss','researchOperatingPeriod','add','---Keys\r\nid : 9\r\n---Fields\r\nresearchOperatingPeriodNo [new]: 1\r\nresearchOperatingPeriodEndDate [new]: 2022-06-29 00:00:00\r\nresearchOperatingPeriodDisburse [new]: 50000\r\nresearchOperatingPeriodDisbursePercent [new]: 10\r\nentryUserName [new]: ชนะพล ลมุลทรัพย์\r\nentryTime [new]: 2022-06-29 19:26:07\r\nresearchProjectID [new]: 1\r\n');
INSERT INTO `project_audit` (`id`,`datetime`,`ip`,`user`,`table`,`action`,`description`) VALUES (8,'2022-06-29 19:32:27','192.168.1.110','nutss','researchOperatingPeriod','add','---Keys\r\nid : 10\r\n---Fields\r\nresearchOperatingPeriodNo [new]: 3\r\nresearchOperatingPeriodEndDate [new]: 2022-06-29 00:00:00\r\nresearchOperatingPeriodDisburse [new]: 6500\r\nresearchOperatingPeriodDisbursePercent [new]: 50\r\nentryUserName [new]: ชนะพล ลมุลทรัพย์\r\nentryTime [new]: 2022-06-29 19:27:18\r\nresearchProjectID [new]: 1\r\n');
INSERT INTO `project_audit` (`id`,`datetime`,`ip`,`user`,`table`,`action`,`description`) VALUES (9,'2022-06-29 19:32:27','192.168.1.110','nutss','researchOperatingPeriod','add','---Keys\r\nid : 11\r\n---Fields\r\nresearchOperatingPeriodNo [new]: 2\r\nresearchOperatingPeriodEndDate [new]: 2022-06-29 00:00:00\r\nresearchOperatingPeriodDisburse [new]: 4500\r\nresearchOperatingPeriodDisbursePercent [new]: 30\r\nentryUserName [new]: ชนะพล ลมุลทรัพย์\r\nentryTime [new]: 2022-06-29 19:27:08\r\nresearchProjectID [new]: 1\r\n');
INSERT INTO `project_audit` (`id`,`datetime`,`ip`,`user`,`table`,`action`,`description`) VALUES (10,'2022-06-29 19:32:27','192.168.1.110','nutss','researchOperatingPeriod','add','---Keys\r\nid : 12\r\n---Fields\r\nresearchOperatingPeriodNo [new]: 1\r\nresearchOperatingPeriodEndDate [new]: 2022-06-29 00:00:00\r\nresearchOperatingPeriodDisburse [new]: 50000\r\nresearchOperatingPeriodDisbursePercent [new]: 10\r\nentryUserName [new]: ชนะพล ลมุลทรัพย์\r\nentryTime [new]: 2022-06-29 19:26:07\r\nresearchProjectID [new]: 1\r\n');
INSERT INTO `project_audit` (`id`,`datetime`,`ip`,`user`,`table`,`action`,`description`) VALUES (11,'2022-06-29 19:39:34','192.168.1.110','nutss','researchAppointment','add','---Keys\r\nid : 1\r\n---Fields\r\nresearchAppointmentNo [new]: 1\r\nresearchAppointmentPeriod [new]: 1\r\nresearchAppointmentDate [new]: 2022-06-29 00:00:00\r\nentryUserName [new]: ชนะพล ลมุลทรัพย์\r\nentryTime [new]: 2022-06-29 19:39:25\r\nresearchProjectID [new]: 1\r\n');
INSERT INTO `project_audit` (`id`,`datetime`,`ip`,`user`,`table`,`action`,`description`) VALUES (12,'2022-06-29 19:52:11','192.168.1.110','nutss','researchRenewal','add','---Keys\r\nid : 1\r\n---Fields\r\nresearchRenewalNo [new]: 1\r\nresearchRenewalPeriod [new]: 1\r\nresearchAppointmentDay [new]: 30\r\nentryUserName [new]: ชนะพล ลมุลทรัพย์\r\nentryTime [new]: 2022-06-29 19:52:03\r\nresearchProjectID [new]: 1\r\n');
INSERT INTO `project_audit` (`id`,`datetime`,`ip`,`user`,`table`,`action`,`description`) VALUES (13,'2022-06-29 19:53:58','192.168.1.110','admin','staffUsers','login','');
INSERT INTO `project_audit` (`id`,`datetime`,`ip`,`user`,`table`,`action`,`description`) VALUES (14,'2022-06-29 20:38:25','192.168.1.110','nutss','researchScholarshipProposal','add','---Keys\r\nid : 1\r\n---Fields\r\nresearchRegisterID [new]: 1\r\nresearchProjectNo [new]: AB-001\r\nresearchProjectGroupName [new]: วิทยาการสิ่งมีชีวิตจากนอกโลก\r\nresearchProjectNameThai [new]: โครงการมนุษย์และชีวมณฑล\r\nresearchProjectNameEng [new]: Man and Biosphere  Reserves Programme\r\nresearchProjectPeriodYear [new]: 5\r\nresearchProjectPeriodMonth [new]: 10\r\nresearchProjectRequestedBudget [new]: 35000000\r\nresearchProjectHeadName [new]: วันชัย  ขัดชุ่มแสง\r\nentryUserName [new]: ชนะพล ลมุลทรัพย์\r\nentryTime [new]: 2022-06-29 20:35:50\r\n');
INSERT INTO `project_audit` (`id`,`datetime`,`ip`,`user`,`table`,`action`,`description`) VALUES (15,'2022-06-29 20:38:26','192.168.1.110','nutss','researchOperatingPeriod','add','---Keys\r\nid : 1\r\n---Fields\r\nresearchOperatingPeriodNo [new]: 3\r\nresearchOperatingPeriodEndDate [new]: 2022-06-16 00:00:00\r\nresearchOperatingPeriodDisburse [new]: 600000\r\nresearchOperatingPeriodDisbursePercent [new]: 15\r\nentryUserName [new]: ชนะพล ลมุลทรัพย์\r\nentryTime [new]: 2022-06-29 20:38:01\r\nresearchProjectID [new]: 1\r\n');
INSERT INTO `project_audit` (`id`,`datetime`,`ip`,`user`,`table`,`action`,`description`) VALUES (16,'2022-06-29 20:38:26','192.168.1.110','nutss','researchOperatingPeriod','add','---Keys\r\nid : 2\r\n---Fields\r\nresearchOperatingPeriodNo [new]: 1\r\nresearchOperatingPeriodEndDate [new]: 2022-06-29 00:00:00\r\nresearchOperatingPeriodDisburse [new]: 500000\r\nresearchOperatingPeriodDisbursePercent [new]: 10\r\nentryUserName [new]: ชนะพล ลมุลทรัพย์\r\nentryTime [new]: 2022-06-29 20:35:51\r\nresearchProjectID [new]: 1\r\n');
INSERT INTO `project_audit` (`id`,`datetime`,`ip`,`user`,`table`,`action`,`description`) VALUES (17,'2022-06-29 20:38:26','192.168.1.110','nutss','researchOperatingPeriod','add','---Keys\r\nid : 3\r\n---Fields\r\nresearchOperatingPeriodNo [new]: 2\r\nresearchOperatingPeriodEndDate [new]: 2022-06-21 00:00:00\r\nresearchOperatingPeriodDisburse [new]: 1000000\r\nresearchOperatingPeriodDisbursePercent [new]: 20\r\nentryUserName [new]: ชนะพล ลมุลทรัพย์\r\nentryTime [new]: 2022-06-29 20:37:49\r\nresearchProjectID [new]: 1\r\n');
INSERT INTO `project_audit` (`id`,`datetime`,`ip`,`user`,`table`,`action`,`description`) VALUES (18,'2022-06-30 01:22:05','192.168.1.110','admin','staffUsers','login','');
INSERT INTO `project_audit` (`id`,`datetime`,`ip`,`user`,`table`,`action`,`description`) VALUES (19,'2022-06-30 10:31:48','192.168.1.110','admin','staffUsers','login','');
INSERT INTO `project_audit` (`id`,`datetime`,`ip`,`user`,`table`,`action`,`description`) VALUES (20,'2022-06-30 11:16:17','192.168.1.110','nutss','staffUsers','login','');
INSERT INTO `project_audit` (`id`,`datetime`,`ip`,`user`,`table`,`action`,`description`) VALUES (21,'2022-06-30 12:15:06','192.168.1.110','nutss','staffUsers','login','');
INSERT INTO `project_audit` (`id`,`datetime`,`ip`,`user`,`table`,`action`,`description`) VALUES (22,'2022-06-30 12:32:36','192.168.1.110','nutss','researchProjectProposal','edit','---Keys\r\nid : 1\r\n---Fields\r\nentryTime [old]: 2022-06-29 20:35:50\r\nentryTime [new]: 2022-06-30 12:32:36\r\ncontractSignDate [old]: 0000-00-00 00:00:00\r\ncontractSignDate [new]: \r\n');
INSERT INTO `project_audit` (`id`,`datetime`,`ip`,`user`,`table`,`action`,`description`) VALUES (23,'2022-06-30 13:11:44','192.168.1.110','nutss','staffUsers','login','');
INSERT INTO `project_audit` (`id`,`datetime`,`ip`,`user`,`table`,`action`,`description`) VALUES (24,'2022-06-30 13:11:54','192.168.1.110','nutss','researchProjectProposal','edit','---Keys\r\nid : 1\r\n---Fields\r\nentryTime [old]: 2022-06-30 12:32:36\r\nentryTime [new]: 2022-06-30 13:11:54\r\ncontractSignDate [old]: 0000-00-00 00:00:00\r\ncontractSignDate [new]: \r\n');
INSERT INTO `project_audit` (`id`,`datetime`,`ip`,`user`,`table`,`action`,`description`) VALUES (25,'2022-06-30 13:16:47','192.168.1.110','nutss','researchProjectProposal','edit','---Keys\r\nid : 1\r\n---Fields\r\nentryTime [old]: 2022-06-30 13:11:54\r\nentryTime [new]: 2022-06-30 13:16:47\r\ncontractSignDate [old]: 0000-00-00 00:00:00\r\ncontractSignDate [new]: \r\n');
INSERT INTO `project_audit` (`id`,`datetime`,`ip`,`user`,`table`,`action`,`description`) VALUES (26,'2022-06-30 13:17:03','192.168.1.110','nutss','researchAppointment','add','---Keys\r\nid : 1\r\n---Fields\r\nresearchAppointmentNo [new]: 1\r\nresearchAppointmentPeriod [new]: 1\r\nresearchAppointmentDate [new]: 2022-06-30 00:00:00\r\nentryUserName [new]: ชนะพล ลมุลทรัพย์\r\nentryTime [new]: 2022-06-30 13:16:54\r\nresearchProjectID [new]: 1\r\n');
INSERT INTO `project_audit` (`id`,`datetime`,`ip`,`user`,`table`,`action`,`description`) VALUES (27,'2022-06-30 13:17:06','192.168.1.110','nutss','researchProjectProposal','edit','---Keys\r\nid : 1\r\n---Fields\r\nentryTime [old]: 2022-06-30 13:16:47\r\nentryTime [new]: 2022-06-30 13:17:06\r\ncontractSignDate [old]: 0000-00-00 00:00:00\r\ncontractSignDate [new]: \r\n');
INSERT INTO `project_audit` (`id`,`datetime`,`ip`,`user`,`table`,`action`,`description`) VALUES (28,'2022-06-30 14:16:56','192.168.1.110','nutss','researchAppointment','edit','---Keys\r\nid : 1\r\n---Fields\r\nresearchAppointmentDate [old]: 2022-06-30 00:00:00\r\nresearchAppointmentDate [new]: 2022-07-10 00:00:00\r\nentryTime [old]: 2022-06-30 13:16:54\r\nentryTime [new]: 2022-06-30 14:16:56\r\n');
INSERT INTO `project_audit` (`id`,`datetime`,`ip`,`user`,`table`,`action`,`description`) VALUES (29,'2022-06-30 14:16:58','192.168.1.110','nutss','researchProjectProposal','edit','---Keys\r\nid : 1\r\n---Fields\r\nentryTime [old]: 2022-06-30 13:17:06\r\nentryTime [new]: 2022-06-30 14:16:58\r\ncontractSignDate [old]: 0000-00-00 00:00:00\r\ncontractSignDate [new]: \r\n');
INSERT INTO `project_audit` (`id`,`datetime`,`ip`,`user`,`table`,`action`,`description`) VALUES (30,'2022-06-30 14:20:52','192.168.1.110','nutss','researchPeriod','edit','---Keys\r\nid : 2\r\n---Fields\r\nresearchOperatingPeriodEndDate [old]: 2022-06-29 00:00:00\r\nresearchOperatingPeriodEndDate [new]: 2022-07-09 00:00:00\r\nentryTime [old]: 2022-06-29 20:35:51\r\nentryTime [new]: 2022-06-30 14:20:52\r\n');
INSERT INTO `project_audit` (`id`,`datetime`,`ip`,`user`,`table`,`action`,`description`) VALUES (31,'2022-06-30 14:20:54','192.168.1.110','nutss','researchProjectProposal','edit','---Keys\r\nid : 1\r\n---Fields\r\nentryTime [old]: 2022-06-30 14:16:58\r\nentryTime [new]: 2022-06-30 14:20:54\r\ncontractSignDate [old]: 0000-00-00 00:00:00\r\ncontractSignDate [new]: \r\n');
INSERT INTO `project_audit` (`id`,`datetime`,`ip`,`user`,`table`,`action`,`description`) VALUES (32,'2022-06-30 15:44:47','192.168.1.110','nutss','staffUsers','login','');
INSERT INTO `project_audit` (`id`,`datetime`,`ip`,`user`,`table`,`action`,`description`) VALUES (33,'2022-06-30 15:46:38','192.168.1.110','nutss','researchScholarshipProposal','edit','---Keys\r\nid : 1\r\n---Fields\r\nentryTime [old]: 2022-06-30 14:20:54\r\nentryTime [new]: 2022-06-30 15:46:38\r\n');
INSERT INTO `project_audit` (`id`,`datetime`,`ip`,`user`,`table`,`action`,`description`) VALUES (34,'2022-06-30 16:08:48','192.168.1.110','nutss','researchOperatingPeriod','edit','---Keys\r\nid : 1\r\n---Fields\r\nentryTime [old]: 2022-06-29 20:38:01\r\nentryTime [new]: 2022-06-30 16:08:48\r\n');
INSERT INTO `project_audit` (`id`,`datetime`,`ip`,`user`,`table`,`action`,`description`) VALUES (35,'2022-06-30 16:09:01','192.168.1.110','nutss','researchScholarshipConsider','edit','---Keys\r\nid : 3\r\n---Fields\r\nentryTime [old]: 2022-06-29 20:38:26\r\nentryTime [new]: 2022-06-30 16:09:01\r\nresearchConsiderValue [old]: \r\nresearchConsiderValue [new]: ผ่าน\r\n');
INSERT INTO `project_audit` (`id`,`datetime`,`ip`,`user`,`table`,`action`,`description`) VALUES (36,'2022-06-30 16:09:09','192.168.1.110','nutss','researchScholarshipProposal','edit','---Keys\r\nid : 1\r\n---Fields\r\nentryTime [old]: 2022-06-30 15:46:38\r\nentryTime [new]: 2022-06-30 16:09:09\r\nresearchProjectStatus [old]: อนุมัติคำขอทุนวิจัย 33.33%\r\nresearchProjectStatus [new]: อนุมัติคำขอทุนวิจัย 0.00%\r\n');
INSERT INTO `project_audit` (`id`,`datetime`,`ip`,`user`,`table`,`action`,`description`) VALUES (37,'2022-06-30 16:09:27','192.168.1.110','nutss','researchProjectProposal','edit','---Keys\r\nid : 1\r\n---Fields\r\nentryTime [old]: 2022-06-30 16:09:09\r\nentryTime [new]: 2022-06-30 16:09:27\r\ncontractSignDate [old]: 0000-00-00 00:00:00\r\ncontractSignDate [new]: \r\nprojectStatus [old]: \r\nprojectStatus [new]: อยู่ระหว่างการดำเนินการ\r\n');
INSERT INTO `project_audit` (`id`,`datetime`,`ip`,`user`,`table`,`action`,`description`) VALUES (38,'2022-06-30 16:33:33','192.168.1.110','nutss','staffUsers','login','');
INSERT INTO `project_audit` (`id`,`datetime`,`ip`,`user`,`table`,`action`,`description`) VALUES (39,'2022-06-30 16:54:54','192.168.1.110','nutss','researchProjectProposal','edit','---Keys\r\nid : 1\r\n---Fields\r\nentryTime [old]: 2022-06-30 16:09:27\r\nentryTime [new]: 2022-06-30 16:54:54\r\ncontractSignDate [old]: 0000-00-00 00:00:00\r\ncontractSignDate [new]: \r\nprojectStatus [old]: \r\nprojectStatus [new]: สิ้นสุดโครงการ\r\n');
INSERT INTO `project_audit` (`id`,`datetime`,`ip`,`user`,`table`,`action`,`description`) VALUES (40,'2022-06-30 18:08:38','192.168.1.110','nutss','researchProjectProposal','edit','---Keys\r\nid : 1\r\n---Fields\r\nentryTime [old]: 2022-06-30 16:54:54\r\nentryTime [new]: 2022-06-30 18:08:38\r\ncontractSignDate [old]: 0000-00-00 00:00:00\r\ncontractSignDate [new]: \r\nprojectStatus [old]: สิ้นสุดโครงการ\r\nprojectStatus [new]: \r\n');
INSERT INTO `project_audit` (`id`,`datetime`,`ip`,`user`,`table`,`action`,`description`) VALUES (41,'2022-06-30 18:08:49','192.168.1.110','nutss','researchProjectProposal','edit','---Keys\r\nid : 1\r\n---Fields\r\nentryTime [old]: 2022-06-30 18:08:38\r\nentryTime [new]: 2022-06-30 18:08:49\r\ncontractSignDate [old]: 0000-00-00 00:00:00\r\ncontractSignDate [new]: \r\nprojectStatus [old]: \r\nprojectStatus [new]: สิ้นสุดโครงการ\r\n');
INSERT INTO `project_audit` (`id`,`datetime`,`ip`,`user`,`table`,`action`,`description`) VALUES (42,'2022-06-30 18:11:10','192.168.1.110','nutss','researchProjectProposal','edit','---Keys\r\nid : 1\r\n---Fields\r\nentryTime [old]: 2022-06-30 18:08:49\r\nentryTime [new]: 2022-06-30 18:11:10\r\ncontractSignDate [old]: 0000-00-00 00:00:00\r\ncontractSignDate [new]: \r\nprojectStatus [old]: สิ้นสุดโครงการ\r\nprojectStatus [new]: \r\n');
INSERT INTO `project_audit` (`id`,`datetime`,`ip`,`user`,`table`,`action`,`description`) VALUES (43,'2022-06-30 18:11:20','192.168.1.110','nutss','researchProjectProposal','edit','---Keys\r\nid : 1\r\n---Fields\r\nentryTime [old]: 2022-06-30 18:11:10\r\nentryTime [new]: 2022-06-30 18:11:20\r\ncontractSignDate [old]: 0000-00-00 00:00:00\r\ncontractSignDate [new]: \r\nprojectStatus [old]: \r\nprojectStatus [new]: สิ้นสุดโครงการ\r\n');
INSERT INTO `project_audit` (`id`,`datetime`,`ip`,`user`,`table`,`action`,`description`) VALUES (44,'2022-06-30 18:16:15','192.168.1.110','nutss','researchProjectProposal','edit','---Keys\r\nid : 1\r\n---Fields\r\nentryTime [old]: 2022-06-30 18:11:20\r\nentryTime [new]: 2022-06-30 18:16:15\r\ncontractSignDate [old]: 0000-00-00 00:00:00\r\ncontractSignDate [new]: \r\nprojectStatus [old]: สิ้นสุดโครงการ\r\nprojectStatus [new]: \r\n');
INSERT INTO `project_audit` (`id`,`datetime`,`ip`,`user`,`table`,`action`,`description`) VALUES (45,'2022-06-30 18:16:21','192.168.1.110','nutss','researchProjectProposal','edit','---Keys\r\nid : 1\r\n---Fields\r\nentryTime [old]: 2022-06-30 18:16:15\r\nentryTime [new]: 2022-06-30 18:16:21\r\ncontractSignDate [old]: 0000-00-00 00:00:00\r\ncontractSignDate [new]: \r\nprojectStatus [old]: \r\nprojectStatus [new]: สิ้นสุดโครงการ\r\n');
INSERT INTO `project_audit` (`id`,`datetime`,`ip`,`user`,`table`,`action`,`description`) VALUES (46,'2022-06-30 18:23:52','192.168.1.110','nutss','researchProjectProposal','edit','---Keys\r\nid : 1\r\n---Fields\r\nentryTime [old]: 2022-06-30 18:16:21\r\nentryTime [new]: 2022-06-30 18:23:52\r\ncontractSignDate [old]: 0000-00-00 00:00:00\r\ncontractSignDate [new]: \r\nprojectStatus [old]: สิ้นสุดโครงการ\r\nprojectStatus [new]: \r\n');
INSERT INTO `project_audit` (`id`,`datetime`,`ip`,`user`,`table`,`action`,`description`) VALUES (47,'2022-06-30 18:25:22','192.168.1.110','nutss','researchProjectProposal','edit','---Keys\r\nid : 1\r\n---Fields\r\nentryTime [old]: 2022-06-30 18:23:52\r\nentryTime [new]: 2022-06-30 18:25:22\r\ncontractSignDate [old]: 0000-00-00 00:00:00\r\ncontractSignDate [new]: \r\nprojectStatus [old]: \r\nprojectStatus [new]: สิ้นสุดโครงการ\r\n');
INSERT INTO `project_audit` (`id`,`datetime`,`ip`,`user`,`table`,`action`,`description`) VALUES (48,'2022-06-30 18:26:56','192.168.1.110','nutss','researchProjectProposal','edit','---Keys\r\nid : 1\r\n---Fields\r\nentryTime [old]: 2022-06-30 18:25:22\r\nentryTime [new]: 2022-06-30 18:26:56\r\ncontractSignDate [old]: 0000-00-00 00:00:00\r\ncontractSignDate [new]: \r\nprojectStatus [old]: สิ้นสุดโครงการ\r\nprojectStatus [new]: \r\n');
INSERT INTO `project_audit` (`id`,`datetime`,`ip`,`user`,`table`,`action`,`description`) VALUES (49,'2022-06-30 18:27:14','192.168.1.110','nutss','researchProjectProposal','edit','---Keys\r\nid : 1\r\n---Fields\r\nentryTime [old]: 2022-06-30 18:26:56\r\nentryTime [new]: 2022-06-30 18:27:14\r\ncontractSignDate [old]: 0000-00-00 00:00:00\r\ncontractSignDate [new]: \r\nprojectStatus [old]: \r\nprojectStatus [new]: สิ้นสุดโครงการ\r\n');
INSERT INTO `project_audit` (`id`,`datetime`,`ip`,`user`,`table`,`action`,`description`) VALUES (50,'2022-06-30 18:27:41','192.168.1.110','nutss','researchProjectProposal','edit','---Keys\r\nid : 1\r\n---Fields\r\nentryTime [old]: 2022-06-30 18:27:14\r\nentryTime [new]: 2022-06-30 18:27:41\r\ncontractSignDate [old]: 0000-00-00 00:00:00\r\ncontractSignDate [new]: \r\nprojectStatus [old]: สิ้นสุดโครงการ\r\nprojectStatus [new]: \r\n');
INSERT INTO `project_audit` (`id`,`datetime`,`ip`,`user`,`table`,`action`,`description`) VALUES (51,'2022-06-30 18:27:54','192.168.1.110','nutss','researchProjectProposal','edit','---Keys\r\nid : 1\r\n---Fields\r\nentryTime [old]: 2022-06-30 18:27:41\r\nentryTime [new]: 2022-06-30 18:27:54\r\ncontractSignDate [old]: 0000-00-00 00:00:00\r\ncontractSignDate [new]: \r\nprojectStatus [old]: \r\nprojectStatus [new]: สิ้นสุดโครงการ\r\n');
INSERT INTO `project_audit` (`id`,`datetime`,`ip`,`user`,`table`,`action`,`description`) VALUES (52,'2022-06-30 18:29:33','192.168.1.110','nutss','researchProjectProposal','edit','---Keys\r\nid : 1\r\n---Fields\r\nentryTime [old]: 2022-06-30 18:27:54\r\nentryTime [new]: 2022-06-30 18:29:33\r\ncontractSignDate [old]: 0000-00-00 00:00:00\r\ncontractSignDate [new]: 2022-06-01 00:00:00\r\n');
INSERT INTO `project_audit` (`id`,`datetime`,`ip`,`user`,`table`,`action`,`description`) VALUES (53,'2022-06-30 20:14:02','192.168.1.110','nutss','staffUsers','login','');
INSERT INTO `project_audit` (`id`,`datetime`,`ip`,`user`,`table`,`action`,`description`) VALUES (54,'2022-06-30 22:39:29','192.168.1.110','admin','staffUsers','login','');
INSERT INTO `project_audit` (`id`,`datetime`,`ip`,`user`,`table`,`action`,`description`) VALUES (55,'2022-06-30 23:09:21','192.168.1.110','admin','staffUsers','logout','');
INSERT INTO `project_audit` (`id`,`datetime`,`ip`,`user`,`table`,`action`,`description`) VALUES (56,'2022-06-30 23:09:28','192.168.1.110','admin','staffUsers','login','');
INSERT INTO `project_audit` (`id`,`datetime`,`ip`,`user`,`table`,`action`,`description`) VALUES (57,'2022-06-30 23:24:26','192.168.1.110','nutss','staffUsers','login','');
INSERT INTO `project_audit` (`id`,`datetime`,`ip`,`user`,`table`,`action`,`description`) VALUES (58,'2022-06-30 23:24:34','192.168.1.110','admin','staffUsers','login','');
INSERT INTO `project_audit` (`id`,`datetime`,`ip`,`user`,`table`,`action`,`description`) VALUES (59,'2022-07-01 00:05:26','192.168.1.110','nutss','staffUsers','login','');
INSERT INTO `project_audit` (`id`,`datetime`,`ip`,`user`,`table`,`action`,`description`) VALUES (60,'2022-07-01 00:07:57','192.168.1.110','admin','staffUsers','login','');
INSERT INTO `project_audit` (`id`,`datetime`,`ip`,`user`,`table`,`action`,`description`) VALUES (61,'2022-07-01 00:21:44','192.168.1.110','admin','staffUsers','login','');
INSERT INTO `project_audit` (`id`,`datetime`,`ip`,`user`,`table`,`action`,`description`) VALUES (62,'2022-07-01 00:51:22','192.168.1.110','admin','staffUsers','login','');
INSERT INTO `project_audit` (`id`,`datetime`,`ip`,`user`,`table`,`action`,`description`) VALUES (63,'2022-07-01 02:11:22','192.168.1.110','admin','staffUsers','login','');
INSERT INTO `project_audit` (`id`,`datetime`,`ip`,`user`,`table`,`action`,`description`) VALUES (64,'2022-07-01 08:47:09','192.168.1.110','admin','staffUsers','login','');
INSERT INTO `project_audit` (`id`,`datetime`,`ip`,`user`,`table`,`action`,`description`) VALUES (65,'2022-07-01 09:49:49','192.168.1.110','admin','staffUsers','login','');
INSERT INTO `project_audit` (`id`,`datetime`,`ip`,`user`,`table`,`action`,`description`) VALUES (66,'2022-07-01 12:08:44','192.168.1.110','nutss','staffUsers','login','');
INSERT INTO `project_audit` (`id`,`datetime`,`ip`,`user`,`table`,`action`,`description`) VALUES (67,'2022-07-01 12:20:34','192.168.1.110','admin','staffUsers','login','');
INSERT INTO `project_audit` (`id`,`datetime`,`ip`,`user`,`table`,`action`,`description`) VALUES (68,'2022-07-01 12:22:17','192.168.1.110','nutss','researchScholarshipProposal','add','---Keys\r\nid : 2\r\n---Fields\r\nresearchRegisterID [new]: 1\r\nresearchProjectGroupName [new]: วิทยาการสิ่งมีชีวิตจากนอกโลก\r\nresearchProjectNameThai [new]: โครงการมนุษย์และชีวมณฑล 2\r\nresearchProjectPeriodYear [new]: 3\r\nresearchProjectPeriodMonth [new]: 2\r\nresearchProjectRequestedBudget [new]: 152000\r\nentryUserName [new]: ชนะพล ลมุลทรัพย์\r\nentryTime [new]: 2022-07-01 12:21:51\r\n');
INSERT INTO `project_audit` (`id`,`datetime`,`ip`,`user`,`table`,`action`,`description`) VALUES (69,'2022-07-01 12:22:32','192.168.1.110','nutss','researchScholarshipProposal','add','---Keys\r\nid : 3\r\n---Fields\r\nresearchRegisterID [new]: 1\r\nresearchProjectGroupName [new]: วิทยาการสิ่งมีชีวิตจากนอกโลก\r\nresearchProjectPeriodYear [new]: 1\r\nresearchProjectPeriodMonth [new]: 2\r\nresearchProjectRequestedBudget [new]: 3000\r\nentryUserName [new]: ชนะพล ลมุลทรัพย์\r\nentryTime [new]: 2022-07-01 12:22:22\r\n');
INSERT INTO `project_audit` (`id`,`datetime`,`ip`,`user`,`table`,`action`,`description`) VALUES (70,'2022-07-01 12:23:00','192.168.1.110','nutss','researchScholarshipProposal','add','---Keys\r\nid : 4\r\n---Fields\r\nresearchRegisterID [new]: 1\r\nresearchProjectNo [new]: AB-001\r\nresearchProjectGroupName [new]: วิทยาการสิ่งมีชีวิตจากนอกโลก\r\nresearchProjectPeriodYear [new]: 1\r\nresearchProjectPeriodMonth [new]: 2\r\nresearchProjectRequestedBudget [new]: 30000\r\nentryUserName [new]: ชนะพล ลมุลทรัพย์\r\nentryTime [new]: 2022-07-01 12:22:35\r\n');
INSERT INTO `project_audit` (`id`,`datetime`,`ip`,`user`,`table`,`action`,`description`) VALUES (71,'2022-07-01 12:23:17','192.168.1.110','nutss','researchScholarshipProposal','add','---Keys\r\nid : 5\r\n---Fields\r\nresearchRegisterID [new]: 1\r\nresearchProjectGroupName [new]: วิทยาการสิ่งมีชีวิตจากนอกโลก\r\nresearchProjectPeriodYear [new]: 100\r\nresearchProjectPeriodMonth [new]: 1\r\nresearchProjectRequestedBudget [new]: 200\r\nentryUserName [new]: ชนะพล ลมุลทรัพย์\r\nentryTime [new]: 2022-07-01 12:23:06\r\n');
INSERT INTO `project_audit` (`id`,`datetime`,`ip`,`user`,`table`,`action`,`description`) VALUES (72,'2022-07-01 12:40:54','192.168.1.110','admin','staffUsers','login','');
INSERT INTO `project_audit` (`id`,`datetime`,`ip`,`user`,`table`,`action`,`description`) VALUES (73,'2022-07-01 12:45:06','192.168.1.110','nutss','staffUsers','login','');
INSERT INTO `project_audit` (`id`,`datetime`,`ip`,`user`,`table`,`action`,`description`) VALUES (74,'2022-07-01 12:59:59','192.168.1.110','nutss','staffUsers','login','');
INSERT INTO `project_audit` (`id`,`datetime`,`ip`,`user`,`table`,`action`,`description`) VALUES (75,'2022-07-01 13:48:08','192.168.1.110','nutss','staffUsers','login','');
SET FOREIGN_KEY_CHECKS = 1;
SET FOREIGN_KEY_CHECKS = 0;
INSERT INTO `project_uggroups` (`GroupID`,`Label`,`typeName`) VALUES (1,'ผู้ขอทุน','ทุน Higher Education Sandbox');
INSERT INTO `project_uggroups` (`GroupID`,`Label`,`typeName`) VALUES (2,'เจ้าหน้าที่','ทุน Reinventing');
INSERT INTO `project_uggroups` (`GroupID`,`Label`,`typeName`) VALUES (3,'คณะกรรมการบริหารโครงการ','ทุน อุตสาหกรรมป้องกันประเทศ');
INSERT INTO `project_uggroups` (`GroupID`,`Label`,`typeName`) VALUES (4,'ปลัดฯ','ทุน อาจารย์ รุ่นใหม่');
INSERT INTO `project_uggroups` (`GroupID`,`Label`,`typeName`) VALUES (5,'เจ้าหน้าที่ดูแลทุน Talent Mobility','ทุน​ Talent Mobility');
INSERT INTO `project_uggroups` (`GroupID`,`Label`,`typeName`) VALUES (6,'เจ้าหน้าที่ดูแลทุน อุตสาหกรรมป้องกันประเทศ','ทุน อุตสาหกรรมป้องกันประเทศ');
INSERT INTO `project_uggroups` (`GroupID`,`Label`,`typeName`) VALUES (7,'เจ้าหน้าที่ดูแลทุน Reinventing','ทุน Reinventing');
INSERT INTO `project_uggroups` (`GroupID`,`Label`,`typeName`) VALUES (8,'เจ้าหน้าที่ดูแลทุน อาจารย์ รุ่นใหม่','ทุน อาจารย์ รุ่นใหม่');
INSERT INTO `project_uggroups` (`GroupID`,`Label`,`typeName`) VALUES (9,'เจ้าหน้าที่ดูแลทุน Higher Education Sandbox','ทุน Higher Education Sandbox');
INSERT INTO `project_uggroups` (`GroupID`,`Label`,`typeName`) VALUES (10,'เจ้าหน้าที่ดูแลทุน พัฒนาศักยภาพของ SME','ทุน พัฒนาศักยภาพของ SME');
INSERT INTO `project_uggroups` (`GroupID`,`Label`,`typeName`) VALUES (11,'เจ้าหน้าที่การเงินกลุ่มที่ 1','ทุน​ Talent Mobility');
SET FOREIGN_KEY_CHECKS = 1;
SET FOREIGN_KEY_CHECKS = 0;
INSERT INTO `project_ugmembers` (`UserName`,`GroupID`) VALUES ('admin',-1);
INSERT INTO `project_ugmembers` (`UserName`,`GroupID`) VALUES ('k.muaydee@gmail.com',11);
INSERT INTO `project_ugmembers` (`UserName`,`GroupID`) VALUES ('nutss',-1);
INSERT INTO `project_ugmembers` (`UserName`,`GroupID`) VALUES ('officer1',2);
INSERT INTO `project_ugmembers` (`UserName`,`GroupID`) VALUES ('officer1',5);
INSERT INTO `project_ugmembers` (`UserName`,`GroupID`) VALUES ('panel1',1);
INSERT INTO `project_ugmembers` (`UserName`,`GroupID`) VALUES ('user1',5);
INSERT INTO `project_ugmembers` (`UserName`,`GroupID`) VALUES ('user2',6);
INSERT INTO `project_ugmembers` (`UserName`,`GroupID`) VALUES ('user3',7);
INSERT INTO `project_ugmembers` (`UserName`,`GroupID`) VALUES ('user4',8);
INSERT INTO `project_ugmembers` (`UserName`,`GroupID`) VALUES ('user5',9);
INSERT INTO `project_ugmembers` (`UserName`,`GroupID`) VALUES ('user6',10);
SET FOREIGN_KEY_CHECKS = 1;
SET FOREIGN_KEY_CHECKS = 0;
INSERT INTO `project_ugrights` (`TableName`,`GroupID`,`AccessMask`,`Page`) VALUES ('consider',-1,'ADESPIM',NULL);
INSERT INTO `project_ugrights` (`TableName`,`GroupID`,`AccessMask`,`Page`) VALUES ('missionAssignment',-1,'AEDSP','');
INSERT INTO `project_ugrights` (`TableName`,`GroupID`,`AccessMask`,`Page`) VALUES ('missionAssignment',1,'AEDSP','');
INSERT INTO `project_ugrights` (`TableName`,`GroupID`,`AccessMask`,`Page`) VALUES ('missionAssignment',2,'AEDSP','');
INSERT INTO `project_ugrights` (`TableName`,`GroupID`,`AccessMask`,`Page`) VALUES ('missionAssignment',3,'AEDSP','');
INSERT INTO `project_ugrights` (`TableName`,`GroupID`,`AccessMask`,`Page`) VALUES ('missionAssignment',4,'AEDSP','');
INSERT INTO `project_ugrights` (`TableName`,`GroupID`,`AccessMask`,`Page`) VALUES ('missionAssignment',5,'AEDSP','');
INSERT INTO `project_ugrights` (`TableName`,`GroupID`,`AccessMask`,`Page`) VALUES ('missionAssignment',6,'AEDSP','');
INSERT INTO `project_ugrights` (`TableName`,`GroupID`,`AccessMask`,`Page`) VALUES ('missionAssignment',7,'AEDSP','');
INSERT INTO `project_ugrights` (`TableName`,`GroupID`,`AccessMask`,`Page`) VALUES ('missionAssignment',8,'AEDSP','');
INSERT INTO `project_ugrights` (`TableName`,`GroupID`,`AccessMask`,`Page`) VALUES ('missionAssignment',9,'AEDSP','');
INSERT INTO `project_ugrights` (`TableName`,`GroupID`,`AccessMask`,`Page`) VALUES ('missionAssignment',10,'AEDSP','');
INSERT INTO `project_ugrights` (`TableName`,`GroupID`,`AccessMask`,`Page`) VALUES ('missionAssignmentView',-1,'ADESP','');
INSERT INTO `project_ugrights` (`TableName`,`GroupID`,`AccessMask`,`Page`) VALUES ('missionAssignmentView',1,'AEDSP','');
INSERT INTO `project_ugrights` (`TableName`,`GroupID`,`AccessMask`,`Page`) VALUES ('missionAssignmentView',2,'AEDSP','');
INSERT INTO `project_ugrights` (`TableName`,`GroupID`,`AccessMask`,`Page`) VALUES ('missionAssignmentView',3,'AEDSP','');
INSERT INTO `project_ugrights` (`TableName`,`GroupID`,`AccessMask`,`Page`) VALUES ('missionAssignmentView',4,'AEDSP','');
INSERT INTO `project_ugrights` (`TableName`,`GroupID`,`AccessMask`,`Page`) VALUES ('missionAssignmentView',5,'AEDSP','');
INSERT INTO `project_ugrights` (`TableName`,`GroupID`,`AccessMask`,`Page`) VALUES ('missionAssignmentView',6,'AEDSP','');
INSERT INTO `project_ugrights` (`TableName`,`GroupID`,`AccessMask`,`Page`) VALUES ('missionAssignmentView',7,'AEDSP','');
INSERT INTO `project_ugrights` (`TableName`,`GroupID`,`AccessMask`,`Page`) VALUES ('missionAssignmentView',8,'AEDSP','');
INSERT INTO `project_ugrights` (`TableName`,`GroupID`,`AccessMask`,`Page`) VALUES ('missionAssignmentView',9,'AEDSP','');
INSERT INTO `project_ugrights` (`TableName`,`GroupID`,`AccessMask`,`Page`) VALUES ('missionAssignmentView',10,'AEDSP','');
INSERT INTO `project_ugrights` (`TableName`,`GroupID`,`AccessMask`,`Page`) VALUES ('missionFollow',-1,'AEDSP','');
INSERT INTO `project_ugrights` (`TableName`,`GroupID`,`AccessMask`,`Page`) VALUES ('missionFollow',1,'AEDSP','');
INSERT INTO `project_ugrights` (`TableName`,`GroupID`,`AccessMask`,`Page`) VALUES ('missionFollow',2,'AEDSP','');
INSERT INTO `project_ugrights` (`TableName`,`GroupID`,`AccessMask`,`Page`) VALUES ('missionFollow',3,'AEDSP','');
INSERT INTO `project_ugrights` (`TableName`,`GroupID`,`AccessMask`,`Page`) VALUES ('missionFollow',4,'AEDSP','');
INSERT INTO `project_ugrights` (`TableName`,`GroupID`,`AccessMask`,`Page`) VALUES ('missionFollow',5,'AEDSP','');
INSERT INTO `project_ugrights` (`TableName`,`GroupID`,`AccessMask`,`Page`) VALUES ('missionFollow',6,'AEDSP','');
INSERT INTO `project_ugrights` (`TableName`,`GroupID`,`AccessMask`,`Page`) VALUES ('missionFollow',7,'AEDSP','');
INSERT INTO `project_ugrights` (`TableName`,`GroupID`,`AccessMask`,`Page`) VALUES ('missionFollow',8,'AEDSP','');
INSERT INTO `project_ugrights` (`TableName`,`GroupID`,`AccessMask`,`Page`) VALUES ('missionFollow',9,'AEDSP','');
INSERT INTO `project_ugrights` (`TableName`,`GroupID`,`AccessMask`,`Page`) VALUES ('missionFollow',10,'AEDSP','');
INSERT INTO `project_ugrights` (`TableName`,`GroupID`,`AccessMask`,`Page`) VALUES ('optionGroup',-1,'AEDSP','');
INSERT INTO `project_ugrights` (`TableName`,`GroupID`,`AccessMask`,`Page`) VALUES ('optionGroup',2,'AEDSP','');
INSERT INTO `project_ugrights` (`TableName`,`GroupID`,`AccessMask`,`Page`) VALUES ('optionGroup',5,'AEDSP','');
INSERT INTO `project_ugrights` (`TableName`,`GroupID`,`AccessMask`,`Page`) VALUES ('optionGroup',6,'AEDSP','');
INSERT INTO `project_ugrights` (`TableName`,`GroupID`,`AccessMask`,`Page`) VALUES ('optionGroup',7,'AEDSP','');
INSERT INTO `project_ugrights` (`TableName`,`GroupID`,`AccessMask`,`Page`) VALUES ('optionGroup',8,'AEDSP','');
INSERT INTO `project_ugrights` (`TableName`,`GroupID`,`AccessMask`,`Page`) VALUES ('optionGroup',9,'AEDSP','');
INSERT INTO `project_ugrights` (`TableName`,`GroupID`,`AccessMask`,`Page`) VALUES ('optionGroup',10,'AEDSP','');
INSERT INTO `project_ugrights` (`TableName`,`GroupID`,`AccessMask`,`Page`) VALUES ('optionSub',-1,'AEDSPI','');
INSERT INTO `project_ugrights` (`TableName`,`GroupID`,`AccessMask`,`Page`) VALUES ('optionSub',1,'AEDSP','');
INSERT INTO `project_ugrights` (`TableName`,`GroupID`,`AccessMask`,`Page`) VALUES ('optionSub',2,'AEDSP','');
INSERT INTO `project_ugrights` (`TableName`,`GroupID`,`AccessMask`,`Page`) VALUES ('optionSub',3,'AEDSP','');
INSERT INTO `project_ugrights` (`TableName`,`GroupID`,`AccessMask`,`Page`) VALUES ('optionSub',4,'AEDSP','');
INSERT INTO `project_ugrights` (`TableName`,`GroupID`,`AccessMask`,`Page`) VALUES ('optionSub',5,'AEDSP','');
INSERT INTO `project_ugrights` (`TableName`,`GroupID`,`AccessMask`,`Page`) VALUES ('optionSub',6,'AEDSP','');
INSERT INTO `project_ugrights` (`TableName`,`GroupID`,`AccessMask`,`Page`) VALUES ('optionSub',7,'AEDSP','');
INSERT INTO `project_ugrights` (`TableName`,`GroupID`,`AccessMask`,`Page`) VALUES ('optionSub',8,'AEDSP','');
INSERT INTO `project_ugrights` (`TableName`,`GroupID`,`AccessMask`,`Page`) VALUES ('optionSub',9,'AEDSP','');
INSERT INTO `project_ugrights` (`TableName`,`GroupID`,`AccessMask`,`Page`) VALUES ('optionSub',10,'AEDSP','');
INSERT INTO `project_ugrights` (`TableName`,`GroupID`,`AccessMask`,`Page`) VALUES ('optionSub',11,'AEDSP','');
INSERT INTO `project_ugrights` (`TableName`,`GroupID`,`AccessMask`,`Page`) VALUES ('optionSubChoice',-1,'AEDSP','');
INSERT INTO `project_ugrights` (`TableName`,`GroupID`,`AccessMask`,`Page`) VALUES ('process',-1,'ADESPIM',NULL);
INSERT INTO `project_ugrights` (`TableName`,`GroupID`,`AccessMask`,`Page`) VALUES ('process',1,'AEDSPI','');
INSERT INTO `project_ugrights` (`TableName`,`GroupID`,`AccessMask`,`Page`) VALUES ('process',2,'AEDSPI','');
INSERT INTO `project_ugrights` (`TableName`,`GroupID`,`AccessMask`,`Page`) VALUES ('process',3,'AEDSPI','');
INSERT INTO `project_ugrights` (`TableName`,`GroupID`,`AccessMask`,`Page`) VALUES ('process',4,'AEDSPI','');
INSERT INTO `project_ugrights` (`TableName`,`GroupID`,`AccessMask`,`Page`) VALUES ('process',5,'AEDSPI','');
INSERT INTO `project_ugrights` (`TableName`,`GroupID`,`AccessMask`,`Page`) VALUES ('process',6,'AEDSPI','');
INSERT INTO `project_ugrights` (`TableName`,`GroupID`,`AccessMask`,`Page`) VALUES ('process',7,'AEDISP','');
INSERT INTO `project_ugrights` (`TableName`,`GroupID`,`AccessMask`,`Page`) VALUES ('process',8,'AEDISP','');
INSERT INTO `project_ugrights` (`TableName`,`GroupID`,`AccessMask`,`Page`) VALUES ('process',9,'AEDISP','');
INSERT INTO `project_ugrights` (`TableName`,`GroupID`,`AccessMask`,`Page`) VALUES ('process',10,'AEDISP','');
INSERT INTO `project_ugrights` (`TableName`,`GroupID`,`AccessMask`,`Page`) VALUES ('process',11,'AEDSPI','');
INSERT INTO `project_ugrights` (`TableName`,`GroupID`,`AccessMask`,`Page`) VALUES ('project_audit',-1,'ASP','');
INSERT INTO `project_ugrights` (`TableName`,`GroupID`,`AccessMask`,`Page`) VALUES ('project_audit',2,'SP','');
INSERT INTO `project_ugrights` (`TableName`,`GroupID`,`AccessMask`,`Page`) VALUES ('project_uggroups',-1,'ESP','');
INSERT INTO `project_ugrights` (`TableName`,`GroupID`,`AccessMask`,`Page`) VALUES ('project_uggroups',2,'ESP','');
INSERT INTO `project_ugrights` (`TableName`,`GroupID`,`AccessMask`,`Page`) VALUES ('ReportMonitor',-1,'S','');
INSERT INTO `project_ugrights` (`TableName`,`GroupID`,`AccessMask`,`Page`) VALUES ('ReportMonitorGraphTrackingStatus',-1,'S','');
INSERT INTO `project_ugrights` (`TableName`,`GroupID`,`AccessMask`,`Page`) VALUES ('ReportMonitorProjectStatus1',-1,'S','');
INSERT INTO `project_ugrights` (`TableName`,`GroupID`,`AccessMask`,`Page`) VALUES ('ReportMonitorProjectStatus2',-1,'S','');
INSERT INTO `project_ugrights` (`TableName`,`GroupID`,`AccessMask`,`Page`) VALUES ('ReportMonitorProjectStatus3',-1,'S','');
INSERT INTO `project_ugrights` (`TableName`,`GroupID`,`AccessMask`,`Page`) VALUES ('ReportMonitorProjectStatus4',-1,'S','');
INSERT INTO `project_ugrights` (`TableName`,`GroupID`,`AccessMask`,`Page`) VALUES ('ReportProgress',-1,'SP','');
INSERT INTO `project_ugrights` (`TableName`,`GroupID`,`AccessMask`,`Page`) VALUES ('researchAppointment',-1,'ADESPIM',NULL);
INSERT INTO `project_ugrights` (`TableName`,`GroupID`,`AccessMask`,`Page`) VALUES ('researchAppointment',1,'AEDSP','');
INSERT INTO `project_ugrights` (`TableName`,`GroupID`,`AccessMask`,`Page`) VALUES ('researchAppointment',2,'AEDSP','');
INSERT INTO `project_ugrights` (`TableName`,`GroupID`,`AccessMask`,`Page`) VALUES ('researchAppointment',3,'AEDSP','');
INSERT INTO `project_ugrights` (`TableName`,`GroupID`,`AccessMask`,`Page`) VALUES ('researchAppointment',4,'AEDSP','');
INSERT INTO `project_ugrights` (`TableName`,`GroupID`,`AccessMask`,`Page`) VALUES ('researchAppointment',5,'AEDSP','');
INSERT INTO `project_ugrights` (`TableName`,`GroupID`,`AccessMask`,`Page`) VALUES ('researchAppointment',6,'AEDSP','');
INSERT INTO `project_ugrights` (`TableName`,`GroupID`,`AccessMask`,`Page`) VALUES ('researchAppointment',7,'AEDSP','');
INSERT INTO `project_ugrights` (`TableName`,`GroupID`,`AccessMask`,`Page`) VALUES ('researchAppointment',8,'AEDSP','');
INSERT INTO `project_ugrights` (`TableName`,`GroupID`,`AccessMask`,`Page`) VALUES ('researchAppointment',9,'AEDSP','');
INSERT INTO `project_ugrights` (`TableName`,`GroupID`,`AccessMask`,`Page`) VALUES ('researchAppointment',10,'AEDSP','');
INSERT INTO `project_ugrights` (`TableName`,`GroupID`,`AccessMask`,`Page`) VALUES ('researchAppointmentConsider',-1,'AEDSP','');
INSERT INTO `project_ugrights` (`TableName`,`GroupID`,`AccessMask`,`Page`) VALUES ('researchAppointmentConsider',1,'ESP','');
INSERT INTO `project_ugrights` (`TableName`,`GroupID`,`AccessMask`,`Page`) VALUES ('researchAppointmentConsider',2,'ESP','');
INSERT INTO `project_ugrights` (`TableName`,`GroupID`,`AccessMask`,`Page`) VALUES ('researchAppointmentConsider',3,'ESP','');
INSERT INTO `project_ugrights` (`TableName`,`GroupID`,`AccessMask`,`Page`) VALUES ('researchAppointmentConsider',4,'ESP','');
INSERT INTO `project_ugrights` (`TableName`,`GroupID`,`AccessMask`,`Page`) VALUES ('researchAppointmentConsider',5,'ESP','');
INSERT INTO `project_ugrights` (`TableName`,`GroupID`,`AccessMask`,`Page`) VALUES ('researchAppointmentConsider',6,'ESP','');
INSERT INTO `project_ugrights` (`TableName`,`GroupID`,`AccessMask`,`Page`) VALUES ('researchAppointmentConsider',7,'ESP','');
INSERT INTO `project_ugrights` (`TableName`,`GroupID`,`AccessMask`,`Page`) VALUES ('researchAppointmentConsider',8,'ESP','');
INSERT INTO `project_ugrights` (`TableName`,`GroupID`,`AccessMask`,`Page`) VALUES ('researchAppointmentConsider',9,'ESP','');
INSERT INTO `project_ugrights` (`TableName`,`GroupID`,`AccessMask`,`Page`) VALUES ('researchAppointmentConsider',10,'ESP','');
INSERT INTO `project_ugrights` (`TableName`,`GroupID`,`AccessMask`,`Page`) VALUES ('researchConsider',-1,'ADESPIM',NULL);
INSERT INTO `project_ugrights` (`TableName`,`GroupID`,`AccessMask`,`Page`) VALUES ('researchConsider',1,'AEDSP','');
INSERT INTO `project_ugrights` (`TableName`,`GroupID`,`AccessMask`,`Page`) VALUES ('researchConsider',2,'AEDSP','');
INSERT INTO `project_ugrights` (`TableName`,`GroupID`,`AccessMask`,`Page`) VALUES ('researchConsider',3,'AEDSP','');
INSERT INTO `project_ugrights` (`TableName`,`GroupID`,`AccessMask`,`Page`) VALUES ('researchConsider',4,'AEDSP','');
INSERT INTO `project_ugrights` (`TableName`,`GroupID`,`AccessMask`,`Page`) VALUES ('researchConsider',5,'AEDSP','');
INSERT INTO `project_ugrights` (`TableName`,`GroupID`,`AccessMask`,`Page`) VALUES ('researchConsider',6,'AEDSP','');
INSERT INTO `project_ugrights` (`TableName`,`GroupID`,`AccessMask`,`Page`) VALUES ('researchConsider',7,'AEDSP','');
INSERT INTO `project_ugrights` (`TableName`,`GroupID`,`AccessMask`,`Page`) VALUES ('researchConsider',8,'AEDSP','');
INSERT INTO `project_ugrights` (`TableName`,`GroupID`,`AccessMask`,`Page`) VALUES ('researchConsider',9,'AEDSP','');
INSERT INTO `project_ugrights` (`TableName`,`GroupID`,`AccessMask`,`Page`) VALUES ('researchConsider',10,'AEDSP','');
INSERT INTO `project_ugrights` (`TableName`,`GroupID`,`AccessMask`,`Page`) VALUES ('researchConsiderAppointment',-1,'ADESPIM',NULL);
INSERT INTO `project_ugrights` (`TableName`,`GroupID`,`AccessMask`,`Page`) VALUES ('researchConsiderDisburse',-1,'ADESPIM',NULL);
INSERT INTO `project_ugrights` (`TableName`,`GroupID`,`AccessMask`,`Page`) VALUES ('researchConsiderRenewal',-1,'ADESPIM',NULL);
INSERT INTO `project_ugrights` (`TableName`,`GroupID`,`AccessMask`,`Page`) VALUES ('researchConsiderView',-1,'AEDSP','');
INSERT INTO `project_ugrights` (`TableName`,`GroupID`,`AccessMask`,`Page`) VALUES ('researchConsiderView',2,'AEDSP','');
INSERT INTO `project_ugrights` (`TableName`,`GroupID`,`AccessMask`,`Page`) VALUES ('researchConsiderView',5,'AEDSP','');
INSERT INTO `project_ugrights` (`TableName`,`GroupID`,`AccessMask`,`Page`) VALUES ('researchConsiderView',6,'AEDSP','');
INSERT INTO `project_ugrights` (`TableName`,`GroupID`,`AccessMask`,`Page`) VALUES ('researchConsiderView',7,'AEDSP','');
INSERT INTO `project_ugrights` (`TableName`,`GroupID`,`AccessMask`,`Page`) VALUES ('researchConsiderView',8,'AEDSP','');
INSERT INTO `project_ugrights` (`TableName`,`GroupID`,`AccessMask`,`Page`) VALUES ('researchConsiderView',9,'AEDSP','');
INSERT INTO `project_ugrights` (`TableName`,`GroupID`,`AccessMask`,`Page`) VALUES ('researchConsiderView',10,'AEDSP','');
INSERT INTO `project_ugrights` (`TableName`,`GroupID`,`AccessMask`,`Page`) VALUES ('researchDisburse',-1,'ADESPIM',NULL);
INSERT INTO `project_ugrights` (`TableName`,`GroupID`,`AccessMask`,`Page`) VALUES ('researchDisburse',1,'AEDSP','');
INSERT INTO `project_ugrights` (`TableName`,`GroupID`,`AccessMask`,`Page`) VALUES ('researchDisburse',2,'AEDSP','');
INSERT INTO `project_ugrights` (`TableName`,`GroupID`,`AccessMask`,`Page`) VALUES ('researchDisburse',3,'AEDSP','');
INSERT INTO `project_ugrights` (`TableName`,`GroupID`,`AccessMask`,`Page`) VALUES ('researchDisburse',4,'AEDSP','');
INSERT INTO `project_ugrights` (`TableName`,`GroupID`,`AccessMask`,`Page`) VALUES ('researchDisburse',5,'AEDSP','');
INSERT INTO `project_ugrights` (`TableName`,`GroupID`,`AccessMask`,`Page`) VALUES ('researchDisburse',6,'AEDSP','');
INSERT INTO `project_ugrights` (`TableName`,`GroupID`,`AccessMask`,`Page`) VALUES ('researchDisburse',7,'AEDSP','');
INSERT INTO `project_ugrights` (`TableName`,`GroupID`,`AccessMask`,`Page`) VALUES ('researchDisburse',8,'AEDSP','');
INSERT INTO `project_ugrights` (`TableName`,`GroupID`,`AccessMask`,`Page`) VALUES ('researchDisburse',9,'AEDSP','');
INSERT INTO `project_ugrights` (`TableName`,`GroupID`,`AccessMask`,`Page`) VALUES ('researchDisburse',10,'AEDSP','');
INSERT INTO `project_ugrights` (`TableName`,`GroupID`,`AccessMask`,`Page`) VALUES ('researchDisburse',11,'AEDSP','');
INSERT INTO `project_ugrights` (`TableName`,`GroupID`,`AccessMask`,`Page`) VALUES ('researchDisburseConsider',-1,'AEDSPI','');
INSERT INTO `project_ugrights` (`TableName`,`GroupID`,`AccessMask`,`Page`) VALUES ('researchDisburseConsider',1,'ESP','');
INSERT INTO `project_ugrights` (`TableName`,`GroupID`,`AccessMask`,`Page`) VALUES ('researchDisburseConsider',2,'ESP','');
INSERT INTO `project_ugrights` (`TableName`,`GroupID`,`AccessMask`,`Page`) VALUES ('researchDisburseConsider',3,'ESP','');
INSERT INTO `project_ugrights` (`TableName`,`GroupID`,`AccessMask`,`Page`) VALUES ('researchDisburseConsider',4,'ESP','');
INSERT INTO `project_ugrights` (`TableName`,`GroupID`,`AccessMask`,`Page`) VALUES ('researchDisburseConsider',5,'ESP','');
INSERT INTO `project_ugrights` (`TableName`,`GroupID`,`AccessMask`,`Page`) VALUES ('researchDisburseConsider',6,'ESP','');
INSERT INTO `project_ugrights` (`TableName`,`GroupID`,`AccessMask`,`Page`) VALUES ('researchDisburseConsider',7,'ESP','');
INSERT INTO `project_ugrights` (`TableName`,`GroupID`,`AccessMask`,`Page`) VALUES ('researchDisburseConsider',8,'ESP','');
INSERT INTO `project_ugrights` (`TableName`,`GroupID`,`AccessMask`,`Page`) VALUES ('researchDisburseConsider',9,'ESP','');
INSERT INTO `project_ugrights` (`TableName`,`GroupID`,`AccessMask`,`Page`) VALUES ('researchDisburseConsider',10,'ESP','');
INSERT INTO `project_ugrights` (`TableName`,`GroupID`,`AccessMask`,`Page`) VALUES ('researchDisburseConsider',11,'ESP','');
INSERT INTO `project_ugrights` (`TableName`,`GroupID`,`AccessMask`,`Page`) VALUES ('researchOperatingPeriod',-1,'ADESPIM',NULL);
INSERT INTO `project_ugrights` (`TableName`,`GroupID`,`AccessMask`,`Page`) VALUES ('researchOperatingPeriod',1,'AEDSP','');
INSERT INTO `project_ugrights` (`TableName`,`GroupID`,`AccessMask`,`Page`) VALUES ('researchOperatingPeriod',2,'AEDSP','');
INSERT INTO `project_ugrights` (`TableName`,`GroupID`,`AccessMask`,`Page`) VALUES ('researchOperatingPeriod',3,'AEDSP','');
INSERT INTO `project_ugrights` (`TableName`,`GroupID`,`AccessMask`,`Page`) VALUES ('researchOperatingPeriod',4,'AEDSP','');
INSERT INTO `project_ugrights` (`TableName`,`GroupID`,`AccessMask`,`Page`) VALUES ('researchOperatingPeriod',5,'AEDSP','');
INSERT INTO `project_ugrights` (`TableName`,`GroupID`,`AccessMask`,`Page`) VALUES ('researchOperatingPeriod',6,'AEDSP','');
INSERT INTO `project_ugrights` (`TableName`,`GroupID`,`AccessMask`,`Page`) VALUES ('researchOperatingPeriod',7,'AEDSP','');
INSERT INTO `project_ugrights` (`TableName`,`GroupID`,`AccessMask`,`Page`) VALUES ('researchOperatingPeriod',8,'AEDSP','');
INSERT INTO `project_ugrights` (`TableName`,`GroupID`,`AccessMask`,`Page`) VALUES ('researchOperatingPeriod',9,'AEDSP','');
INSERT INTO `project_ugrights` (`TableName`,`GroupID`,`AccessMask`,`Page`) VALUES ('researchOperatingPeriod',10,'AEDSP','');
INSERT INTO `project_ugrights` (`TableName`,`GroupID`,`AccessMask`,`Page`) VALUES ('researchPeriod',-1,'AEDSP','');
INSERT INTO `project_ugrights` (`TableName`,`GroupID`,`AccessMask`,`Page`) VALUES ('researchPeriod',1,'AEDSP','');
INSERT INTO `project_ugrights` (`TableName`,`GroupID`,`AccessMask`,`Page`) VALUES ('researchPeriod',2,'AEDSP','');
INSERT INTO `project_ugrights` (`TableName`,`GroupID`,`AccessMask`,`Page`) VALUES ('researchPeriod',3,'AEDSP','');
INSERT INTO `project_ugrights` (`TableName`,`GroupID`,`AccessMask`,`Page`) VALUES ('researchPeriod',4,'AEDSP','');
INSERT INTO `project_ugrights` (`TableName`,`GroupID`,`AccessMask`,`Page`) VALUES ('researchPeriod',5,'AEDSP','');
INSERT INTO `project_ugrights` (`TableName`,`GroupID`,`AccessMask`,`Page`) VALUES ('researchPeriod',6,'AEDSP','');
INSERT INTO `project_ugrights` (`TableName`,`GroupID`,`AccessMask`,`Page`) VALUES ('researchPeriod',7,'AEDSP','');
INSERT INTO `project_ugrights` (`TableName`,`GroupID`,`AccessMask`,`Page`) VALUES ('researchPeriod',8,'AEDSP','');
INSERT INTO `project_ugrights` (`TableName`,`GroupID`,`AccessMask`,`Page`) VALUES ('researchPeriod',9,'AEDSP','');
INSERT INTO `project_ugrights` (`TableName`,`GroupID`,`AccessMask`,`Page`) VALUES ('researchPeriod',10,'AEDSP','');
INSERT INTO `project_ugrights` (`TableName`,`GroupID`,`AccessMask`,`Page`) VALUES ('researchPeriodConsider',-1,'AEDSPI','');
INSERT INTO `project_ugrights` (`TableName`,`GroupID`,`AccessMask`,`Page`) VALUES ('researchProject',-1,'ADESPIM',NULL);
INSERT INTO `project_ugrights` (`TableName`,`GroupID`,`AccessMask`,`Page`) VALUES ('researchProjectConsider',-1,'AEDSPI','');
INSERT INTO `project_ugrights` (`TableName`,`GroupID`,`AccessMask`,`Page`) VALUES ('researchProjectGroup',-1,'ADESPIM',NULL);
INSERT INTO `project_ugrights` (`TableName`,`GroupID`,`AccessMask`,`Page`) VALUES ('researchProjectGroup',2,'AEDSP','');
INSERT INTO `project_ugrights` (`TableName`,`GroupID`,`AccessMask`,`Page`) VALUES ('researchProjectGroup',5,'AEDSP','');
INSERT INTO `project_ugrights` (`TableName`,`GroupID`,`AccessMask`,`Page`) VALUES ('researchProjectGroup',6,'AEDSP','');
INSERT INTO `project_ugrights` (`TableName`,`GroupID`,`AccessMask`,`Page`) VALUES ('researchProjectGroup',7,'AEDSP','');
INSERT INTO `project_ugrights` (`TableName`,`GroupID`,`AccessMask`,`Page`) VALUES ('researchProjectGroup',8,'AEDSP','');
INSERT INTO `project_ugrights` (`TableName`,`GroupID`,`AccessMask`,`Page`) VALUES ('researchProjectGroup',9,'AEDSP','');
INSERT INTO `project_ugrights` (`TableName`,`GroupID`,`AccessMask`,`Page`) VALUES ('researchProjectGroup',10,'AEDSP','');
INSERT INTO `project_ugrights` (`TableName`,`GroupID`,`AccessMask`,`Page`) VALUES ('researchProjectMangement',-1,'ADESPIM',NULL);
INSERT INTO `project_ugrights` (`TableName`,`GroupID`,`AccessMask`,`Page`) VALUES ('researchProjectProposal',-1,'ADESPIM',NULL);
INSERT INTO `project_ugrights` (`TableName`,`GroupID`,`AccessMask`,`Page`) VALUES ('researchProjectProposal',1,'ESP','');
INSERT INTO `project_ugrights` (`TableName`,`GroupID`,`AccessMask`,`Page`) VALUES ('researchProjectProposal',2,'ESP','');
INSERT INTO `project_ugrights` (`TableName`,`GroupID`,`AccessMask`,`Page`) VALUES ('researchProjectProposal',3,'ESP','');
INSERT INTO `project_ugrights` (`TableName`,`GroupID`,`AccessMask`,`Page`) VALUES ('researchProjectProposal',4,'ESP','');
INSERT INTO `project_ugrights` (`TableName`,`GroupID`,`AccessMask`,`Page`) VALUES ('researchProjectProposal',5,'ESP','');
INSERT INTO `project_ugrights` (`TableName`,`GroupID`,`AccessMask`,`Page`) VALUES ('researchProjectProposal',6,'ESP','');
INSERT INTO `project_ugrights` (`TableName`,`GroupID`,`AccessMask`,`Page`) VALUES ('researchProjectProposal',7,'ESP','');
INSERT INTO `project_ugrights` (`TableName`,`GroupID`,`AccessMask`,`Page`) VALUES ('researchProjectProposal',8,'ESP','');
INSERT INTO `project_ugrights` (`TableName`,`GroupID`,`AccessMask`,`Page`) VALUES ('researchProjectProposal',9,'ESP','');
INSERT INTO `project_ugrights` (`TableName`,`GroupID`,`AccessMask`,`Page`) VALUES ('researchProjectProposal',10,'ESP','');
INSERT INTO `project_ugrights` (`TableName`,`GroupID`,`AccessMask`,`Page`) VALUES ('researchProjectProposal',11,'ESP','');
INSERT INTO `project_ugrights` (`TableName`,`GroupID`,`AccessMask`,`Page`) VALUES ('researchProjectRegister',-1,'AEDSP','');
INSERT INTO `project_ugrights` (`TableName`,`GroupID`,`AccessMask`,`Page`) VALUES ('researchProjectRegister',1,'SP','');
INSERT INTO `project_ugrights` (`TableName`,`GroupID`,`AccessMask`,`Page`) VALUES ('researchProjectRegister',2,'SP','');
INSERT INTO `project_ugrights` (`TableName`,`GroupID`,`AccessMask`,`Page`) VALUES ('researchProjectRegister',3,'SP','');
INSERT INTO `project_ugrights` (`TableName`,`GroupID`,`AccessMask`,`Page`) VALUES ('researchProjectRegister',4,'SP','');
INSERT INTO `project_ugrights` (`TableName`,`GroupID`,`AccessMask`,`Page`) VALUES ('researchProjectRegister',5,'SP','');
INSERT INTO `project_ugrights` (`TableName`,`GroupID`,`AccessMask`,`Page`) VALUES ('researchProjectRegister',6,'SP','');
INSERT INTO `project_ugrights` (`TableName`,`GroupID`,`AccessMask`,`Page`) VALUES ('researchProjectRegister',7,'SP','');
INSERT INTO `project_ugrights` (`TableName`,`GroupID`,`AccessMask`,`Page`) VALUES ('researchProjectRegister',8,'SP','');
INSERT INTO `project_ugrights` (`TableName`,`GroupID`,`AccessMask`,`Page`) VALUES ('researchProjectRegister',9,'SP','');
INSERT INTO `project_ugrights` (`TableName`,`GroupID`,`AccessMask`,`Page`) VALUES ('researchProjectRegister',10,'SP','');
INSERT INTO `project_ugrights` (`TableName`,`GroupID`,`AccessMask`,`Page`) VALUES ('researchProjectRegister',11,'SP','');
INSERT INTO `project_ugrights` (`TableName`,`GroupID`,`AccessMask`,`Page`) VALUES ('researchRegister',-1,'ADESPIM',NULL);
INSERT INTO `project_ugrights` (`TableName`,`GroupID`,`AccessMask`,`Page`) VALUES ('researchRenewal',-1,'ADESPIM',NULL);
INSERT INTO `project_ugrights` (`TableName`,`GroupID`,`AccessMask`,`Page`) VALUES ('researchRenewal',1,'AEDSP','');
INSERT INTO `project_ugrights` (`TableName`,`GroupID`,`AccessMask`,`Page`) VALUES ('researchRenewal',2,'AEDSP','');
INSERT INTO `project_ugrights` (`TableName`,`GroupID`,`AccessMask`,`Page`) VALUES ('researchRenewal',3,'AEDSP','');
INSERT INTO `project_ugrights` (`TableName`,`GroupID`,`AccessMask`,`Page`) VALUES ('researchRenewal',4,'AEDSP','');
INSERT INTO `project_ugrights` (`TableName`,`GroupID`,`AccessMask`,`Page`) VALUES ('researchRenewal',5,'AEDSP','');
INSERT INTO `project_ugrights` (`TableName`,`GroupID`,`AccessMask`,`Page`) VALUES ('researchRenewal',6,'AEDSP','');
INSERT INTO `project_ugrights` (`TableName`,`GroupID`,`AccessMask`,`Page`) VALUES ('researchRenewal',7,'AEDSP','');
INSERT INTO `project_ugrights` (`TableName`,`GroupID`,`AccessMask`,`Page`) VALUES ('researchRenewal',8,'AEDSP','');
INSERT INTO `project_ugrights` (`TableName`,`GroupID`,`AccessMask`,`Page`) VALUES ('researchRenewal',9,'AEDSP','');
INSERT INTO `project_ugrights` (`TableName`,`GroupID`,`AccessMask`,`Page`) VALUES ('researchRenewal',10,'AEDSP','');
INSERT INTO `project_ugrights` (`TableName`,`GroupID`,`AccessMask`,`Page`) VALUES ('researchRenewalConsider',-1,'AEDSP','');
INSERT INTO `project_ugrights` (`TableName`,`GroupID`,`AccessMask`,`Page`) VALUES ('researchRenewalConsider',1,'ESP','');
INSERT INTO `project_ugrights` (`TableName`,`GroupID`,`AccessMask`,`Page`) VALUES ('researchRenewalConsider',2,'ESP','');
INSERT INTO `project_ugrights` (`TableName`,`GroupID`,`AccessMask`,`Page`) VALUES ('researchRenewalConsider',3,'ESP','');
INSERT INTO `project_ugrights` (`TableName`,`GroupID`,`AccessMask`,`Page`) VALUES ('researchRenewalConsider',4,'ESP','');
INSERT INTO `project_ugrights` (`TableName`,`GroupID`,`AccessMask`,`Page`) VALUES ('researchRenewalConsider',5,'ESP','');
INSERT INTO `project_ugrights` (`TableName`,`GroupID`,`AccessMask`,`Page`) VALUES ('researchRenewalConsider',6,'ESP','');
INSERT INTO `project_ugrights` (`TableName`,`GroupID`,`AccessMask`,`Page`) VALUES ('researchRenewalConsider',7,'ESP','');
INSERT INTO `project_ugrights` (`TableName`,`GroupID`,`AccessMask`,`Page`) VALUES ('researchRenewalConsider',8,'ESP','');
INSERT INTO `project_ugrights` (`TableName`,`GroupID`,`AccessMask`,`Page`) VALUES ('researchRenewalConsider',9,'ESP','');
INSERT INTO `project_ugrights` (`TableName`,`GroupID`,`AccessMask`,`Page`) VALUES ('researchRenewalConsider',10,'ESP','');
INSERT INTO `project_ugrights` (`TableName`,`GroupID`,`AccessMask`,`Page`) VALUES ('researchScholarshipConsider',-1,'AEDSPI','');
INSERT INTO `project_ugrights` (`TableName`,`GroupID`,`AccessMask`,`Page`) VALUES ('researchScholarshipConsider',1,'ESP','');
INSERT INTO `project_ugrights` (`TableName`,`GroupID`,`AccessMask`,`Page`) VALUES ('researchScholarshipConsider',2,'ESP','');
INSERT INTO `project_ugrights` (`TableName`,`GroupID`,`AccessMask`,`Page`) VALUES ('researchScholarshipConsider',3,'ESP','');
INSERT INTO `project_ugrights` (`TableName`,`GroupID`,`AccessMask`,`Page`) VALUES ('researchScholarshipConsider',4,'ESP','');
INSERT INTO `project_ugrights` (`TableName`,`GroupID`,`AccessMask`,`Page`) VALUES ('researchScholarshipConsider',5,'ESP','');
INSERT INTO `project_ugrights` (`TableName`,`GroupID`,`AccessMask`,`Page`) VALUES ('researchScholarshipConsider',6,'ESP','');
INSERT INTO `project_ugrights` (`TableName`,`GroupID`,`AccessMask`,`Page`) VALUES ('researchScholarshipConsider',7,'ESP','');
INSERT INTO `project_ugrights` (`TableName`,`GroupID`,`AccessMask`,`Page`) VALUES ('researchScholarshipConsider',8,'ESP','');
INSERT INTO `project_ugrights` (`TableName`,`GroupID`,`AccessMask`,`Page`) VALUES ('researchScholarshipConsider',9,'ESP','');
INSERT INTO `project_ugrights` (`TableName`,`GroupID`,`AccessMask`,`Page`) VALUES ('researchScholarshipConsider',10,'ESP','');
INSERT INTO `project_ugrights` (`TableName`,`GroupID`,`AccessMask`,`Page`) VALUES ('researchScholarshipProposal',-1,'AEDSP','');
INSERT INTO `project_ugrights` (`TableName`,`GroupID`,`AccessMask`,`Page`) VALUES ('researchScholarshipProposal',1,'AEDSP','');
INSERT INTO `project_ugrights` (`TableName`,`GroupID`,`AccessMask`,`Page`) VALUES ('researchScholarshipProposal',2,'AEDSP','');
INSERT INTO `project_ugrights` (`TableName`,`GroupID`,`AccessMask`,`Page`) VALUES ('researchScholarshipProposal',3,'AEDSP','');
INSERT INTO `project_ugrights` (`TableName`,`GroupID`,`AccessMask`,`Page`) VALUES ('researchScholarshipProposal',4,'AEDSP','');
INSERT INTO `project_ugrights` (`TableName`,`GroupID`,`AccessMask`,`Page`) VALUES ('researchScholarshipProposal',5,'AEDSP','');
INSERT INTO `project_ugrights` (`TableName`,`GroupID`,`AccessMask`,`Page`) VALUES ('researchScholarshipProposal',6,'AEDSP','');
INSERT INTO `project_ugrights` (`TableName`,`GroupID`,`AccessMask`,`Page`) VALUES ('researchScholarshipProposal',7,'AEDSP','');
INSERT INTO `project_ugrights` (`TableName`,`GroupID`,`AccessMask`,`Page`) VALUES ('researchScholarshipProposal',8,'AEDSP','');
INSERT INTO `project_ugrights` (`TableName`,`GroupID`,`AccessMask`,`Page`) VALUES ('researchScholarshipProposal',9,'AEDSP','');
INSERT INTO `project_ugrights` (`TableName`,`GroupID`,`AccessMask`,`Page`) VALUES ('researchScholarshipProposal',10,'AEDSP','');
INSERT INTO `project_ugrights` (`TableName`,`GroupID`,`AccessMask`,`Page`) VALUES ('researchScholarshipRegister',-1,'AEDSP','');
INSERT INTO `project_ugrights` (`TableName`,`GroupID`,`AccessMask`,`Page`) VALUES ('researchScholarshipRegister',1,'AEDSP','');
INSERT INTO `project_ugrights` (`TableName`,`GroupID`,`AccessMask`,`Page`) VALUES ('researchScholarshipRegister',2,'AEDSP','');
INSERT INTO `project_ugrights` (`TableName`,`GroupID`,`AccessMask`,`Page`) VALUES ('researchScholarshipRegister',3,'AEDSP','');
INSERT INTO `project_ugrights` (`TableName`,`GroupID`,`AccessMask`,`Page`) VALUES ('researchScholarshipRegister',4,'AEDSP','');
INSERT INTO `project_ugrights` (`TableName`,`GroupID`,`AccessMask`,`Page`) VALUES ('researchScholarshipRegister',5,'AEDSP','');
INSERT INTO `project_ugrights` (`TableName`,`GroupID`,`AccessMask`,`Page`) VALUES ('researchScholarshipRegister',6,'AEDSP','');
INSERT INTO `project_ugrights` (`TableName`,`GroupID`,`AccessMask`,`Page`) VALUES ('researchScholarshipRegister',7,'AEDSP','');
INSERT INTO `project_ugrights` (`TableName`,`GroupID`,`AccessMask`,`Page`) VALUES ('researchScholarshipRegister',8,'AEDSP','');
INSERT INTO `project_ugrights` (`TableName`,`GroupID`,`AccessMask`,`Page`) VALUES ('researchScholarshipRegister',9,'AEDSP','');
INSERT INTO `project_ugrights` (`TableName`,`GroupID`,`AccessMask`,`Page`) VALUES ('researchScholarshipRegister',10,'AEDSP','');
INSERT INTO `project_ugrights` (`TableName`,`GroupID`,`AccessMask`,`Page`) VALUES ('researchType',-1,'ADESPIM',NULL);
INSERT INTO `project_ugrights` (`TableName`,`GroupID`,`AccessMask`,`Page`) VALUES ('researchType',2,'AEDSPI','');
INSERT INTO `project_ugrights` (`TableName`,`GroupID`,`AccessMask`,`Page`) VALUES ('researchType',5,'DESPI','');
INSERT INTO `project_ugrights` (`TableName`,`GroupID`,`AccessMask`,`Page`) VALUES ('researchType',6,'DESPI','');
INSERT INTO `project_ugrights` (`TableName`,`GroupID`,`AccessMask`,`Page`) VALUES ('researchType',7,'DESPI','');
INSERT INTO `project_ugrights` (`TableName`,`GroupID`,`AccessMask`,`Page`) VALUES ('researchType',8,'DESPI','');
INSERT INTO `project_ugrights` (`TableName`,`GroupID`,`AccessMask`,`Page`) VALUES ('researchType',9,'DESPI','');
INSERT INTO `project_ugrights` (`TableName`,`GroupID`,`AccessMask`,`Page`) VALUES ('researchType',10,'DESPI','');
INSERT INTO `project_ugrights` (`TableName`,`GroupID`,`AccessMask`,`Page`) VALUES ('staffUsers',-1,'ADESPIM',NULL);
INSERT INTO `project_ugrights` (`TableName`,`GroupID`,`AccessMask`,`Page`) VALUES ('staffUsers',1,'AEDSP','');
INSERT INTO `project_ugrights` (`TableName`,`GroupID`,`AccessMask`,`Page`) VALUES ('staffUsers',2,'AEDSP','');
INSERT INTO `project_ugrights` (`TableName`,`GroupID`,`AccessMask`,`Page`) VALUES ('staffUsers',3,'AEDSP','');
INSERT INTO `project_ugrights` (`TableName`,`GroupID`,`AccessMask`,`Page`) VALUES ('staffUsers',4,'AEDSP','');
SET FOREIGN_KEY_CHECKS = 1;
SET FOREIGN_KEY_CHECKS = 0;
INSERT INTO `researchAppointment` (`id`,`researchProjectID`,`researchAppointmentNo`,`researchAppointmentPeriod`,`researchAppointmentDate`,`entryUserName`,`entryTime`) VALUES (1,1,'1','1','2022-07-10 00:00:00','ชนะพล ลมุลทรัพย์','2022-06-30 14:16:56');
SET FOREIGN_KEY_CHECKS = 1;
SET FOREIGN_KEY_CHECKS = 0;
INSERT INTO `researchAppointmentConsider` (`id`,`researchAppointmentID`,`researchConsiderNumber`,`processName`,`stepName`,`researchConsiderFile`,`researchConsiderFileCheck`,`researchRegisterDesc`,`researchRegisterDescCheck`,`researchConsiderName`,`researchConsiderValue`,`entryUserName`,`entryTime`) VALUES (1,1,'1','นัดหมายและติดตามงาน','ประสานนัดหมายวันเวลาติดตามงาน','','true','','false','ทำแล้ว/ยังไม่ได้ทำ','','ชนะพล ลมุลทรัพย์','2022-06-30 13:17:03');
INSERT INTO `researchAppointmentConsider` (`id`,`researchAppointmentID`,`researchConsiderNumber`,`processName`,`stepName`,`researchConsiderFile`,`researchConsiderFileCheck`,`researchRegisterDesc`,`researchRegisterDescCheck`,`researchConsiderName`,`researchConsiderValue`,`entryUserName`,`entryTime`) VALUES (2,1,'2','นัดหมายและติดตามงาน','รายงานความก้าวหน้าโครงการ','','false','','false','ทำแล้ว/ยังไม่ได้ทำ','','ชนะพล ลมุลทรัพย์','2022-06-30 13:17:03');
INSERT INTO `researchAppointmentConsider` (`id`,`researchAppointmentID`,`researchConsiderNumber`,`processName`,`stepName`,`researchConsiderFile`,`researchConsiderFileCheck`,`researchRegisterDesc`,`researchRegisterDescCheck`,`researchConsiderName`,`researchConsiderValue`,`entryUserName`,`entryTime`) VALUES (3,1,'3','นัดหมายและติดตามงาน','ตรวจสอบรายงานความก้าวหน้า','','true','','true','ผ่าน/ไม่ผ่าน','','ชนะพล ลมุลทรัพย์','2022-06-30 13:17:03');
INSERT INTO `researchAppointmentConsider` (`id`,`researchAppointmentID`,`researchConsiderNumber`,`processName`,`stepName`,`researchConsiderFile`,`researchConsiderFileCheck`,`researchRegisterDesc`,`researchRegisterDescCheck`,`researchConsiderName`,`researchConsiderValue`,`entryUserName`,`entryTime`) VALUES (4,1,'4','นัดหมายและติดตามงาน','พิจารณาอนุมัติการติดตามงาน','','true','','false','ผ่าน/ไม่ผ่าน','','ชนะพล ลมุลทรัพย์','2022-06-30 13:17:03');
SET FOREIGN_KEY_CHECKS = 1;
SET FOREIGN_KEY_CHECKS = 0;
INSERT INTO `researchConsider` (`id`,`researchTypeID`,`researchConsiderNumber`,`processName`,`stepName`,`researchConsiderFile`,`researchRegisterDesc`,`researchConsiderName`,`entryUserName`,`entryTime`) VALUES (1,1,'1','รับสมัครขอรับทุน','ตรวจเอกสารคำขอทุนวิจัย','true','true','ครบ/ไม่ครบ','Administrator','2022-06-23 12:13:18');
INSERT INTO `researchConsider` (`id`,`researchTypeID`,`researchConsiderNumber`,`processName`,`stepName`,`researchConsiderFile`,`researchRegisterDesc`,`researchConsiderName`,`entryUserName`,`entryTime`) VALUES (2,1,'2','รับสมัครขอรับทุน','กลั่นกรองคำขอทุนวิจัย','false','false','ผ่าน/ไม่ผ่าน','Administrator','2022-06-23 12:12:41');
INSERT INTO `researchConsider` (`id`,`researchTypeID`,`researchConsiderNumber`,`processName`,`stepName`,`researchConsiderFile`,`researchRegisterDesc`,`researchConsiderName`,`entryUserName`,`entryTime`) VALUES (3,1,'1','นัดหมายและติดตามงาน','ประสานนัดหมายวันเวลาติดตามงาน','true','false','ทำแล้ว/ยังไม่ได้ทำ','Administrator','2022-06-23 13:15:56');
INSERT INTO `researchConsider` (`id`,`researchTypeID`,`researchConsiderNumber`,`processName`,`stepName`,`researchConsiderFile`,`researchRegisterDesc`,`researchConsiderName`,`entryUserName`,`entryTime`) VALUES (4,1,'2','นัดหมายและติดตามงาน','รายงานความก้าวหน้าโครงการ','false','false','ทำแล้ว/ยังไม่ได้ทำ','Administrator','2022-06-23 13:17:17');
INSERT INTO `researchConsider` (`id`,`researchTypeID`,`researchConsiderNumber`,`processName`,`stepName`,`researchConsiderFile`,`researchRegisterDesc`,`researchConsiderName`,`entryUserName`,`entryTime`) VALUES (5,1,'1','ขออนุมัติการเบิกจ่าย','ทำเรื่องเบิกจ่ายตามงวด','false','true','ทำแล้ว/ยังไม่ได้ทำ','Administrator','2022-06-23 13:13:34');
INSERT INTO `researchConsider` (`id`,`researchTypeID`,`researchConsiderNumber`,`processName`,`stepName`,`researchConsiderFile`,`researchRegisterDesc`,`researchConsiderName`,`entryUserName`,`entryTime`) VALUES (6,1,'2','ขออนุมัติการเบิกจ่าย','อนุมัติเบิกจ่าย','false','true','อนุมัติ/ไม่อนุมัติ','Administrator','2022-06-23 13:13:24');
INSERT INTO `researchConsider` (`id`,`researchTypeID`,`researchConsiderNumber`,`processName`,`stepName`,`researchConsiderFile`,`researchRegisterDesc`,`researchConsiderName`,`entryUserName`,`entryTime`) VALUES (7,1,'1','ขอขยายระยะเวลาโครงการ','ยื่นเรื่องขอขยายเวลาโครงการที่ล่าช้า','true','true','ทำแล้ว/ยังไม่ได้ทำ','Administrator','2022-06-23 13:14:18');
INSERT INTO `researchConsider` (`id`,`researchTypeID`,`researchConsiderNumber`,`processName`,`stepName`,`researchConsiderFile`,`researchRegisterDesc`,`researchConsiderName`,`entryUserName`,`entryTime`) VALUES (8,1,'2','ขอขยายระยะเวลาโครงการ','เห็นชอบขยายระยะเวลาโครงการที่ล่าช้า','true','false','อนุมัติ/ไม่อนุมัติ','Administrator','2022-06-23 13:15:06');
INSERT INTO `researchConsider` (`id`,`researchTypeID`,`researchConsiderNumber`,`processName`,`stepName`,`researchConsiderFile`,`researchRegisterDesc`,`researchConsiderName`,`entryUserName`,`entryTime`) VALUES (9,6,'1','รับสมัครขอรับทุน','ตรวจเอกสารคำขอทุนวิจัย','true','false','ครบ/ไม่ครบ','ชนะพล ลมุลทรัพย์','2022-06-22 12:37:03');
INSERT INTO `researchConsider` (`id`,`researchTypeID`,`researchConsiderNumber`,`processName`,`stepName`,`researchConsiderFile`,`researchRegisterDesc`,`researchConsiderName`,`entryUserName`,`entryTime`) VALUES (10,6,'2','รับสมัครขอรับทุน','กลั่นกรองคำขอทุนวิจัย','false','false','ผ่าน/ไม่ผ่าน','ชนะพล ลมุลทรัพย์','2022-06-22 12:38:55');
INSERT INTO `researchConsider` (`id`,`researchTypeID`,`researchConsiderNumber`,`processName`,`stepName`,`researchConsiderFile`,`researchRegisterDesc`,`researchConsiderName`,`entryUserName`,`entryTime`) VALUES (11,6,'3','รับสมัครขอรับทุน','อนุมัติคำขอทุนวิจัย','false','true','อนุมัติ/ไม่อนุมัติ','ชนะพล ลมุลทรัพย์','2022-06-22 12:39:00');
INSERT INTO `researchConsider` (`id`,`researchTypeID`,`researchConsiderNumber`,`processName`,`stepName`,`researchConsiderFile`,`researchRegisterDesc`,`researchConsiderName`,`entryUserName`,`entryTime`) VALUES (12,1,'3','รับสมัครขอรับทุน','อนุมัติคำขอทุนวิจัย','false','true','ผ่าน/ไม่ผ่าน','Administrator','2022-06-23 12:13:43');
INSERT INTO `researchConsider` (`id`,`researchTypeID`,`researchConsiderNumber`,`processName`,`stepName`,`researchConsiderFile`,`researchRegisterDesc`,`researchConsiderName`,`entryUserName`,`entryTime`) VALUES (13,1,'3','นัดหมายและติดตามงาน','ตรวจสอบรายงานความก้าวหน้า','true','true','ผ่าน/ไม่ผ่าน','Administrator','2022-06-23 13:17:35');
INSERT INTO `researchConsider` (`id`,`researchTypeID`,`researchConsiderNumber`,`processName`,`stepName`,`researchConsiderFile`,`researchRegisterDesc`,`researchConsiderName`,`entryUserName`,`entryTime`) VALUES (14,1,'4','นัดหมายและติดตามงาน','พิจารณาอนุมัติการติดตามงาน','true','false','ผ่าน/ไม่ผ่าน','Administrator','2022-06-23 13:19:03');
SET FOREIGN_KEY_CHECKS = 1;
SET FOREIGN_KEY_CHECKS = 0;
INSERT INTO `researchDisburseConsider` (`id`,`researchDisburseID`,`researchConsiderNumber`,`processName`,`stepName`,`researchConsiderFile`,`researchConsiderFileCheck`,`researchRegisterDesc`,`researchRegisterDescCheck`,`researchConsiderName`,`researchConsiderValue`,`entryUserName`,`entryTime`) VALUES (1,1,'1','ขออนุมัติการเบิกจ่าย','ทำเรื่องเบิกจ่ายตามงวด','','false','','true','ทำแล้ว/ยังไม่ได้ทำ','','ชนะพล ลมุลทรัพย์','2022-06-29 20:38:26');
INSERT INTO `researchDisburseConsider` (`id`,`researchDisburseID`,`researchConsiderNumber`,`processName`,`stepName`,`researchConsiderFile`,`researchConsiderFileCheck`,`researchRegisterDesc`,`researchRegisterDescCheck`,`researchConsiderName`,`researchConsiderValue`,`entryUserName`,`entryTime`) VALUES (2,1,'2','ขออนุมัติการเบิกจ่าย','อนุมัติเบิกจ่าย','','false','','true','อนุมัติ/ไม่อนุมัติ','','ชนะพล ลมุลทรัพย์','2022-06-29 20:38:26');
INSERT INTO `researchDisburseConsider` (`id`,`researchDisburseID`,`researchConsiderNumber`,`processName`,`stepName`,`researchConsiderFile`,`researchConsiderFileCheck`,`researchRegisterDesc`,`researchRegisterDescCheck`,`researchConsiderName`,`researchConsiderValue`,`entryUserName`,`entryTime`) VALUES (3,2,'1','ขออนุมัติการเบิกจ่าย','ทำเรื่องเบิกจ่ายตามงวด','','false','','true','ทำแล้ว/ยังไม่ได้ทำ','','ชนะพล ลมุลทรัพย์','2022-06-29 20:38:26');
INSERT INTO `researchDisburseConsider` (`id`,`researchDisburseID`,`researchConsiderNumber`,`processName`,`stepName`,`researchConsiderFile`,`researchConsiderFileCheck`,`researchRegisterDesc`,`researchRegisterDescCheck`,`researchConsiderName`,`researchConsiderValue`,`entryUserName`,`entryTime`) VALUES (4,2,'2','ขออนุมัติการเบิกจ่าย','อนุมัติเบิกจ่าย','','false','','true','อนุมัติ/ไม่อนุมัติ','','ชนะพล ลมุลทรัพย์','2022-06-29 20:38:26');
INSERT INTO `researchDisburseConsider` (`id`,`researchDisburseID`,`researchConsiderNumber`,`processName`,`stepName`,`researchConsiderFile`,`researchConsiderFileCheck`,`researchRegisterDesc`,`researchRegisterDescCheck`,`researchConsiderName`,`researchConsiderValue`,`entryUserName`,`entryTime`) VALUES (5,3,'1','ขออนุมัติการเบิกจ่าย','ทำเรื่องเบิกจ่ายตามงวด','','false','','true','ทำแล้ว/ยังไม่ได้ทำ','','ชนะพล ลมุลทรัพย์','2022-06-29 20:38:26');
INSERT INTO `researchDisburseConsider` (`id`,`researchDisburseID`,`researchConsiderNumber`,`processName`,`stepName`,`researchConsiderFile`,`researchConsiderFileCheck`,`researchRegisterDesc`,`researchRegisterDescCheck`,`researchConsiderName`,`researchConsiderValue`,`entryUserName`,`entryTime`) VALUES (6,3,'2','ขออนุมัติการเบิกจ่าย','อนุมัติเบิกจ่าย','','false','','true','อนุมัติ/ไม่อนุมัติ','','ชนะพล ลมุลทรัพย์','2022-06-29 20:38:26');
SET FOREIGN_KEY_CHECKS = 1;
SET FOREIGN_KEY_CHECKS = 0;
INSERT INTO `researchOperatingPeriod` (`id`,`researchProjectID`,`researchOperatingPeriodNo`,`researchOperatingPeriodEndDate`,`researchOperatingPeriodDisburse`,`researchOperatingPeriodDisbursePercent`,`entryUserName`,`entryTime`) VALUES (1,1,'3','2022-06-16','600000','15','ชนะพล ลมุลทรัพย์','2022-06-30 16:08:48');
INSERT INTO `researchOperatingPeriod` (`id`,`researchProjectID`,`researchOperatingPeriodNo`,`researchOperatingPeriodEndDate`,`researchOperatingPeriodDisburse`,`researchOperatingPeriodDisbursePercent`,`entryUserName`,`entryTime`) VALUES (2,1,'1','2022-07-09','500000','10','ชนะพล ลมุลทรัพย์','2022-06-30 14:20:52');
INSERT INTO `researchOperatingPeriod` (`id`,`researchProjectID`,`researchOperatingPeriodNo`,`researchOperatingPeriodEndDate`,`researchOperatingPeriodDisburse`,`researchOperatingPeriodDisbursePercent`,`entryUserName`,`entryTime`) VALUES (3,1,'2','2022-06-21','1000000','20','ชนะพล ลมุลทรัพย์','2022-06-29 20:37:49');
SET FOREIGN_KEY_CHECKS = 1;
SET FOREIGN_KEY_CHECKS = 0;
INSERT INTO `researchScholarshipConsider` (`id`,`researchProjectID`,`researchConsiderNumber`,`processName`,`stepName`,`researchConsiderFile`,`researchConsiderFileCheck`,`researchRegisterDesc`,`researchRegisterDescCheck`,`researchConsiderName`,`researchConsiderValue`,`entryUserName`,`entryTime`) VALUES (1,1,'1','รับสมัครขอรับทุน','ตรวจเอกสารคำขอทุนวิจัย','','true','','true','ครบ/ไม่ครบ','','ชนะพล ลมุลทรัพย์','2022-06-29 20:38:25');
INSERT INTO `researchScholarshipConsider` (`id`,`researchProjectID`,`researchConsiderNumber`,`processName`,`stepName`,`researchConsiderFile`,`researchConsiderFileCheck`,`researchRegisterDesc`,`researchRegisterDescCheck`,`researchConsiderName`,`researchConsiderValue`,`entryUserName`,`entryTime`) VALUES (2,1,'2','รับสมัครขอรับทุน','กลั่นกรองคำขอทุนวิจัย','','false','','false','ผ่าน/ไม่ผ่าน','','ชนะพล ลมุลทรัพย์','2022-06-29 20:38:25');
INSERT INTO `researchScholarshipConsider` (`id`,`researchProjectID`,`researchConsiderNumber`,`processName`,`stepName`,`researchConsiderFile`,`researchConsiderFileCheck`,`researchRegisterDesc`,`researchRegisterDescCheck`,`researchConsiderName`,`researchConsiderValue`,`entryUserName`,`entryTime`) VALUES (3,1,'3','รับสมัครขอรับทุน','อนุมัติคำขอทุนวิจัย','','false','','true','ผ่าน/ไม่ผ่าน','ผ่าน','ชนะพล ลมุลทรัพย์','2022-06-30 16:09:01');
INSERT INTO `researchScholarshipConsider` (`id`,`researchProjectID`,`researchConsiderNumber`,`processName`,`stepName`,`researchConsiderFile`,`researchConsiderFileCheck`,`researchRegisterDesc`,`researchRegisterDescCheck`,`researchConsiderName`,`researchConsiderValue`,`entryUserName`,`entryTime`) VALUES (4,2,'1','รับสมัครขอรับทุน','ตรวจเอกสารคำขอทุนวิจัย','','true','','true','ครบ/ไม่ครบ','','ชนะพล ลมุลทรัพย์','2022-07-01 12:22:18');
INSERT INTO `researchScholarshipConsider` (`id`,`researchProjectID`,`researchConsiderNumber`,`processName`,`stepName`,`researchConsiderFile`,`researchConsiderFileCheck`,`researchRegisterDesc`,`researchRegisterDescCheck`,`researchConsiderName`,`researchConsiderValue`,`entryUserName`,`entryTime`) VALUES (5,2,'2','รับสมัครขอรับทุน','กลั่นกรองคำขอทุนวิจัย','','false','','false','ผ่าน/ไม่ผ่าน','','ชนะพล ลมุลทรัพย์','2022-07-01 12:22:18');
INSERT INTO `researchScholarshipConsider` (`id`,`researchProjectID`,`researchConsiderNumber`,`processName`,`stepName`,`researchConsiderFile`,`researchConsiderFileCheck`,`researchRegisterDesc`,`researchRegisterDescCheck`,`researchConsiderName`,`researchConsiderValue`,`entryUserName`,`entryTime`) VALUES (6,2,'3','รับสมัครขอรับทุน','อนุมัติคำขอทุนวิจัย','','false','','true','ผ่าน/ไม่ผ่าน','','ชนะพล ลมุลทรัพย์','2022-07-01 12:22:18');
INSERT INTO `researchScholarshipConsider` (`id`,`researchProjectID`,`researchConsiderNumber`,`processName`,`stepName`,`researchConsiderFile`,`researchConsiderFileCheck`,`researchRegisterDesc`,`researchRegisterDescCheck`,`researchConsiderName`,`researchConsiderValue`,`entryUserName`,`entryTime`) VALUES (7,3,'1','รับสมัครขอรับทุน','ตรวจเอกสารคำขอทุนวิจัย','','true','','true','ครบ/ไม่ครบ','','ชนะพล ลมุลทรัพย์','2022-07-01 12:22:32');
INSERT INTO `researchScholarshipConsider` (`id`,`researchProjectID`,`researchConsiderNumber`,`processName`,`stepName`,`researchConsiderFile`,`researchConsiderFileCheck`,`researchRegisterDesc`,`researchRegisterDescCheck`,`researchConsiderName`,`researchConsiderValue`,`entryUserName`,`entryTime`) VALUES (8,3,'2','รับสมัครขอรับทุน','กลั่นกรองคำขอทุนวิจัย','','false','','false','ผ่าน/ไม่ผ่าน','','ชนะพล ลมุลทรัพย์','2022-07-01 12:22:32');
INSERT INTO `researchScholarshipConsider` (`id`,`researchProjectID`,`researchConsiderNumber`,`processName`,`stepName`,`researchConsiderFile`,`researchConsiderFileCheck`,`researchRegisterDesc`,`researchRegisterDescCheck`,`researchConsiderName`,`researchConsiderValue`,`entryUserName`,`entryTime`) VALUES (9,3,'3','รับสมัครขอรับทุน','อนุมัติคำขอทุนวิจัย','','false','','true','ผ่าน/ไม่ผ่าน','','ชนะพล ลมุลทรัพย์','2022-07-01 12:22:32');
INSERT INTO `researchScholarshipConsider` (`id`,`researchProjectID`,`researchConsiderNumber`,`processName`,`stepName`,`researchConsiderFile`,`researchConsiderFileCheck`,`researchRegisterDesc`,`researchRegisterDescCheck`,`researchConsiderName`,`researchConsiderValue`,`entryUserName`,`entryTime`) VALUES (10,4,'1','รับสมัครขอรับทุน','ตรวจเอกสารคำขอทุนวิจัย','','true','','true','ครบ/ไม่ครบ','','ชนะพล ลมุลทรัพย์','2022-07-01 12:23:01');
INSERT INTO `researchScholarshipConsider` (`id`,`researchProjectID`,`researchConsiderNumber`,`processName`,`stepName`,`researchConsiderFile`,`researchConsiderFileCheck`,`researchRegisterDesc`,`researchRegisterDescCheck`,`researchConsiderName`,`researchConsiderValue`,`entryUserName`,`entryTime`) VALUES (11,4,'2','รับสมัครขอรับทุน','กลั่นกรองคำขอทุนวิจัย','','false','','false','ผ่าน/ไม่ผ่าน','','ชนะพล ลมุลทรัพย์','2022-07-01 12:23:01');
INSERT INTO `researchScholarshipConsider` (`id`,`researchProjectID`,`researchConsiderNumber`,`processName`,`stepName`,`researchConsiderFile`,`researchConsiderFileCheck`,`researchRegisterDesc`,`researchRegisterDescCheck`,`researchConsiderName`,`researchConsiderValue`,`entryUserName`,`entryTime`) VALUES (12,4,'3','รับสมัครขอรับทุน','อนุมัติคำขอทุนวิจัย','','false','','true','ผ่าน/ไม่ผ่าน','','ชนะพล ลมุลทรัพย์','2022-07-01 12:23:01');
INSERT INTO `researchScholarshipConsider` (`id`,`researchProjectID`,`researchConsiderNumber`,`processName`,`stepName`,`researchConsiderFile`,`researchConsiderFileCheck`,`researchRegisterDesc`,`researchRegisterDescCheck`,`researchConsiderName`,`researchConsiderValue`,`entryUserName`,`entryTime`) VALUES (13,5,'1','รับสมัครขอรับทุน','ตรวจเอกสารคำขอทุนวิจัย','','true','','true','ครบ/ไม่ครบ','','ชนะพล ลมุลทรัพย์','2022-07-01 12:23:17');
INSERT INTO `researchScholarshipConsider` (`id`,`researchProjectID`,`researchConsiderNumber`,`processName`,`stepName`,`researchConsiderFile`,`researchConsiderFileCheck`,`researchRegisterDesc`,`researchRegisterDescCheck`,`researchConsiderName`,`researchConsiderValue`,`entryUserName`,`entryTime`) VALUES (14,5,'2','รับสมัครขอรับทุน','กลั่นกรองคำขอทุนวิจัย','','false','','false','ผ่าน/ไม่ผ่าน','','ชนะพล ลมุลทรัพย์','2022-07-01 12:23:17');
INSERT INTO `researchScholarshipConsider` (`id`,`researchProjectID`,`researchConsiderNumber`,`processName`,`stepName`,`researchConsiderFile`,`researchConsiderFileCheck`,`researchRegisterDesc`,`researchRegisterDescCheck`,`researchConsiderName`,`researchConsiderValue`,`entryUserName`,`entryTime`) VALUES (15,5,'3','รับสมัครขอรับทุน','อนุมัติคำขอทุนวิจัย','','false','','true','ผ่าน/ไม่ผ่าน','','ชนะพล ลมุลทรัพย์','2022-07-01 12:23:17');
SET FOREIGN_KEY_CHECKS = 1;
SET FOREIGN_KEY_CHECKS = 0;
INSERT INTO `researchScholarshipProposal` (`id`,`researchRegisterID`,`researchProjectNo`,`researchProjectGroupName`,`researchProjectNameThai`,`researchProjectNameEng`,`researchProjectPeriodYear`,`researchProjectPeriodMonth`,`researchProjectEndDate`,`researchOperatingPeriodEndDate`,`researchProjectRequestedBudget`,`researchProjectDepartment`,`researchProjectMainField`,`researchProjectSubField`,`researchProjectHeadName`,`researchProjectAffiliationName`,`researchProjectSubAffiliationName`,`researchProjectAffiliationMobile`,`researchProjectAffiliationTelephone`,`researchProjectAffiliationEmail`,`researchProjectFile`,`researchProjectBankAccountName`,`researchProjectBankNo`,`researchProjectBankName`,`researchProjectStatus`,`ScholarshipProposalFinishStatus`,`researchProjectAppointmentStatus`,`researchProjectDisburseStatus`,`contractSignDate`,`contractSignFile`,`projectStatusDesc`,`projectStatus`,`trackingProjectDesc`,`trackingProjectDescResult`,`entryUserName`,`entryTime`) VALUES (1,1,'AB-001','วิทยาการสิ่งมีชีวิตจากนอกโลก','โครงการมนุษย์และชีวมณฑล','Man and Biosphere  Reserves Programme',5,10,'2022-07-09','2022-07-09',35000000,'','','','วันชัย  ขัดชุ่มแสง','','','','','','','','','','อนุมัติคำขอทุนวิจัย 33.33%','true','พิจารณาอนุมัติการติดตามงาน 0.00%','อนุมัติเบิกจ่าย 0.00%','2022-06-01','','','สิ้นสุดโครงการ','','','ชนะพล ลมุลทรัพย์','2022-06-30 18:29:33');
INSERT INTO `researchScholarshipProposal` (`id`,`researchRegisterID`,`researchProjectNo`,`researchProjectGroupName`,`researchProjectNameThai`,`researchProjectNameEng`,`researchProjectPeriodYear`,`researchProjectPeriodMonth`,`researchProjectEndDate`,`researchOperatingPeriodEndDate`,`researchProjectRequestedBudget`,`researchProjectDepartment`,`researchProjectMainField`,`researchProjectSubField`,`researchProjectHeadName`,`researchProjectAffiliationName`,`researchProjectSubAffiliationName`,`researchProjectAffiliationMobile`,`researchProjectAffiliationTelephone`,`researchProjectAffiliationEmail`,`researchProjectFile`,`researchProjectBankAccountName`,`researchProjectBankNo`,`researchProjectBankName`,`researchProjectStatus`,`ScholarshipProposalFinishStatus`,`researchProjectAppointmentStatus`,`researchProjectDisburseStatus`,`contractSignDate`,`contractSignFile`,`projectStatusDesc`,`projectStatus`,`trackingProjectDesc`,`trackingProjectDescResult`,`entryUserName`,`entryTime`) VALUES (2,1,'','วิทยาการสิ่งมีชีวิตจากนอกโลก','โครงการมนุษย์และชีวมณฑล 2','',3,2,'0000-00-00','0000-00-00',152000,'','','','','','','','','','','','','','อนุมัติคำขอทุนวิจัย 0.00%','false','',' nan%','0000-00-00','','','','','','ชนะพล ลมุลทรัพย์','2022-07-01 12:21:51');
INSERT INTO `researchScholarshipProposal` (`id`,`researchRegisterID`,`researchProjectNo`,`researchProjectGroupName`,`researchProjectNameThai`,`researchProjectNameEng`,`researchProjectPeriodYear`,`researchProjectPeriodMonth`,`researchProjectEndDate`,`researchOperatingPeriodEndDate`,`researchProjectRequestedBudget`,`researchProjectDepartment`,`researchProjectMainField`,`researchProjectSubField`,`researchProjectHeadName`,`researchProjectAffiliationName`,`researchProjectSubAffiliationName`,`researchProjectAffiliationMobile`,`researchProjectAffiliationTelephone`,`researchProjectAffiliationEmail`,`researchProjectFile`,`researchProjectBankAccountName`,`researchProjectBankNo`,`researchProjectBankName`,`researchProjectStatus`,`ScholarshipProposalFinishStatus`,`researchProjectAppointmentStatus`,`researchProjectDisburseStatus`,`contractSignDate`,`contractSignFile`,`projectStatusDesc`,`projectStatus`,`trackingProjectDesc`,`trackingProjectDescResult`,`entryUserName`,`entryTime`) VALUES (3,1,'','วิทยาการสิ่งมีชีวิตจากนอกโลก','','',1,2,'0000-00-00','0000-00-00',3000,'','','','','','','','','','','','','','อนุมัติคำขอทุนวิจัย 0.00%','false','',' nan%','0000-00-00','','','','','','ชนะพล ลมุลทรัพย์','2022-07-01 12:22:22');
INSERT INTO `researchScholarshipProposal` (`id`,`researchRegisterID`,`researchProjectNo`,`researchProjectGroupName`,`researchProjectNameThai`,`researchProjectNameEng`,`researchProjectPeriodYear`,`researchProjectPeriodMonth`,`researchProjectEndDate`,`researchOperatingPeriodEndDate`,`researchProjectRequestedBudget`,`researchProjectDepartment`,`researchProjectMainField`,`researchProjectSubField`,`researchProjectHeadName`,`researchProjectAffiliationName`,`researchProjectSubAffiliationName`,`researchProjectAffiliationMobile`,`researchProjectAffiliationTelephone`,`researchProjectAffiliationEmail`,`researchProjectFile`,`researchProjectBankAccountName`,`researchProjectBankNo`,`researchProjectBankName`,`researchProjectStatus`,`ScholarshipProposalFinishStatus`,`researchProjectAppointmentStatus`,`researchProjectDisburseStatus`,`contractSignDate`,`contractSignFile`,`projectStatusDesc`,`projectStatus`,`trackingProjectDesc`,`trackingProjectDescResult`,`entryUserName`,`entryTime`) VALUES (4,1,'AB-001','วิทยาการสิ่งมีชีวิตจากนอกโลก','','',1,2,'0000-00-00','0000-00-00',30000,'','','','','','','','','','','','','','อนุมัติคำขอทุนวิจัย 0.00%','false','',' nan%','0000-00-00','','','','','','ชนะพล ลมุลทรัพย์','2022-07-01 12:22:35');
INSERT INTO `researchScholarshipProposal` (`id`,`researchRegisterID`,`researchProjectNo`,`researchProjectGroupName`,`researchProjectNameThai`,`researchProjectNameEng`,`researchProjectPeriodYear`,`researchProjectPeriodMonth`,`researchProjectEndDate`,`researchOperatingPeriodEndDate`,`researchProjectRequestedBudget`,`researchProjectDepartment`,`researchProjectMainField`,`researchProjectSubField`,`researchProjectHeadName`,`researchProjectAffiliationName`,`researchProjectSubAffiliationName`,`researchProjectAffiliationMobile`,`researchProjectAffiliationTelephone`,`researchProjectAffiliationEmail`,`researchProjectFile`,`researchProjectBankAccountName`,`researchProjectBankNo`,`researchProjectBankName`,`researchProjectStatus`,`ScholarshipProposalFinishStatus`,`researchProjectAppointmentStatus`,`researchProjectDisburseStatus`,`contractSignDate`,`contractSignFile`,`projectStatusDesc`,`projectStatus`,`trackingProjectDesc`,`trackingProjectDescResult`,`entryUserName`,`entryTime`) VALUES (5,1,'','วิทยาการสิ่งมีชีวิตจากนอกโลก','','',100,1,'0000-00-00','0000-00-00',200,'','','','','','','','','','','','','','อนุมัติคำขอทุนวิจัย 0.00%','false','',' nan%','0000-00-00','','','','','','ชนะพล ลมุลทรัพย์','2022-07-01 12:23:06');
SET FOREIGN_KEY_CHECKS = 1;
SET FOREIGN_KEY_CHECKS = 0;
INSERT INTO `researchScholarshipRegister` (`id`,`researchRegisterNo`,`researchRegisterName`,`researchRegisterStartDate`,`researchRegisterEndDate`,`researchRegisterFile`,`researchType`,`researchRegisterStatus`,`entryUserName`,`entryTime`) VALUES (1,'A-A-001','การเปิดรับสมัครข้อเสนอการขอรับทุนวิจัย Talent Mobility ประจำปี 2565','2022-06-21','2022-06-30','[{"name":"files\\/ER - Project Data_nhnzvxyi.png","usrName":"ER - Project Data.png","size":67490,"type":"image\\/png","searchStr":"ER - Project Data.png,!:sStrEnd"}]','ทุน​ Talent Mobility','เปิดรับสมัคร','Administrator','2022-06-23 11:42:23');
INSERT INTO `researchScholarshipRegister` (`id`,`researchRegisterNo`,`researchRegisterName`,`researchRegisterStartDate`,`researchRegisterEndDate`,`researchRegisterFile`,`researchType`,`researchRegisterStatus`,`entryUserName`,`entryTime`) VALUES (2,'AB-001','เปิดรับสมัครขอเสนอโครงการ Reinvent ปี 2565','2022-07-01','2022-07-31','','ทุน Reinventing','เปิดรับสมัคร','ชนะพล ลมุลทรัพย์','2022-06-28 20:50:25');
SET FOREIGN_KEY_CHECKS = 1;
SET FOREIGN_KEY_CHECKS = 0;
INSERT INTO `researchType` (`id`,`typeNumber`,`typeName`,`entryUserName`,`entryTime`) VALUES (1,1,'ทุน​ Talent Mobility','ชนะพล ลมุลทรัพย์','2022-06-21 22:36:33');
INSERT INTO `researchType` (`id`,`typeNumber`,`typeName`,`entryUserName`,`entryTime`) VALUES (2,2,'ทุน อุตสาหกรรมป้องกันประเทศ','ชนะพล ลมุลทรัพย์','2022-06-28 14:10:55');
INSERT INTO `researchType` (`id`,`typeNumber`,`typeName`,`entryUserName`,`entryTime`) VALUES (3,3,'ทุน Reinventing','','0000-00-00 00:00:00');
INSERT INTO `researchType` (`id`,`typeNumber`,`typeName`,`entryUserName`,`entryTime`) VALUES (4,4,'ทุน อาจารย์ รุ่นใหม่','','0000-00-00 00:00:00');
INSERT INTO `researchType` (`id`,`typeNumber`,`typeName`,`entryUserName`,`entryTime`) VALUES (5,5,'ทุน Higher Education Sandbox','','0000-00-00 00:00:00');
INSERT INTO `researchType` (`id`,`typeNumber`,`typeName`,`entryUserName`,`entryTime`) VALUES (6,6,'ทุน พัฒนาศักยภาพของ SME','ชนะพล ลมุลทรัพย์','2022-06-22 12:39:43');
SET FOREIGN_KEY_CHECKS = 1;
SET FOREIGN_KEY_CHECKS = 0;
INSERT INTO `staffUsers` (`id`,`staffFullName`,`staffUsername`,`staffPassword`,`staffEmail`,`staffStatus`,`staffEmailNotify`,`entryUserName`,`entryTime`,`apikey`) VALUES (1,'ชนะพล ลมุลทรัพย์','nutss','qapmoc','chanaphon.l@gmail.com',1,'1','ชนะพล ลมุลทรัพย์','2021-08-30 17:03:29',NULL);
INSERT INTO `staffUsers` (`id`,`staffFullName`,`staffUsername`,`staffPassword`,`staffEmail`,`staffStatus`,`staffEmailNotify`,`entryUserName`,`entryTime`,`apikey`) VALUES (2,'Administrator','admin','12345678','',1,'0','ชนะพล ลมุลทรัพย์','2021-07-15 11:46:08',NULL);
INSERT INTO `staffUsers` (`id`,`staffFullName`,`staffUsername`,`staffPassword`,`staffEmail`,`staffStatus`,`staffEmailNotify`,`entryUserName`,`entryTime`,`apikey`) VALUES (3,'ทดสอบ','user_test','T@esr#321','',1,'0','ชนะพล ลมุลทรัพย์','2021-07-19 14:07:19',NULL);
INSERT INTO `staffUsers` (`id`,`staffFullName`,`staffUsername`,`staffPassword`,`staffEmail`,`staffStatus`,`staffEmailNotify`,`entryUserName`,`entryTime`,`apikey`) VALUES (4,'สมิทธ์ สาลิฟา','salifa','Smith@111','chanaphon.l@outlook.com',1,'1','ชนะพล ลมุลทรัพย์','2021-09-14 15:17:41',NULL);
INSERT INTO `staffUsers` (`id`,`staffFullName`,`staffUsername`,`staffPassword`,`staffEmail`,`staffStatus`,`staffEmailNotify`,`entryUserName`,`entryTime`,`apikey`) VALUES (7,'เจ้าหน้าที่ 1','officer1','1234','',1,'0','ชนะพล ลมุลทรัพย์','2022-05-24 14:51:32',NULL);
INSERT INTO `staffUsers` (`id`,`staffFullName`,`staffUsername`,`staffPassword`,`staffEmail`,`staffStatus`,`staffEmailNotify`,`entryUserName`,`entryTime`,`apikey`) VALUES (8,'คณะกรรมการ 1','panel1','1234','',1,'0','ชนะพล ลมุลทรัพย์','2022-05-24 14:54:46',NULL);
INSERT INTO `staffUsers` (`id`,`staffFullName`,`staffUsername`,`staffPassword`,`staffEmail`,`staffStatus`,`staffEmailNotify`,`entryUserName`,`entryTime`,`apikey`) VALUES (28,'คณะกรรมการบริหารโครงการ 1','pmc1','1234','',1,'0','ชนะพล ลมุลทรัพย์','2022-06-07 22:50:49',NULL);
INSERT INTO `staffUsers` (`id`,`staffFullName`,`staffUsername`,`staffPassword`,`staffEmail`,`staffStatus`,`staffEmailNotify`,`entryUserName`,`entryTime`,`apikey`) VALUES (17,'นายพันธุ์เพิ่มศักดิ์  อารุณี','punpermsak@hotmail.com','0811230087','punpermsak@hotmail.com',1,'0','','0000-00-00 00:00:00',NULL);
INSERT INTO `staffUsers` (`id`,`staffFullName`,`staffUsername`,`staffPassword`,`staffEmail`,`staffStatus`,`staffEmailNotify`,`entryUserName`,`entryTime`,`apikey`) VALUES (18,'น.ส.วิชุดา ทองสุกมาก','pommeya11@gmail.com','0814837698','pommeya11@gmail.com',1,'0','','0000-00-00 00:00:00',NULL);
INSERT INTO `staffUsers` (`id`,`staffFullName`,`staffUsername`,`staffPassword`,`staffEmail`,`staffStatus`,`staffEmailNotify`,`entryUserName`,`entryTime`,`apikey`) VALUES (19,'นายศิรัสก์ ศิริสวัสดิ์','sirat.ohec@gmail.com','0870284823','sirat.ohec@gmail.com',1,'0','','0000-00-00 00:00:00',NULL);
INSERT INTO `staffUsers` (`id`,`staffFullName`,`staffUsername`,`staffPassword`,`staffEmail`,`staffStatus`,`staffEmailNotify`,`entryUserName`,`entryTime`,`apikey`) VALUES (20,'ว่าที่ร้อยตรีโสภณ งอกอ่อน','ijew.mua@gmail.com','0811741987','ijew.mua@gmail.com',1,'0','','0000-00-00 00:00:00',NULL);
INSERT INTO `staffUsers` (`id`,`staffFullName`,`staffUsername`,`staffPassword`,`staffEmail`,`staffStatus`,`staffEmailNotify`,`entryUserName`,`entryTime`,`apikey`) VALUES (21,'น.ส.สุฑาพร  อำมร','sutaphon.mhesi@gmail.com','0800407128','sutaphon.mhesi@gmail.com',1,'0','','0000-00-00 00:00:00',NULL);
INSERT INTO `staffUsers` (`id`,`staffFullName`,`staffUsername`,`staffPassword`,`staffEmail`,`staffStatus`,`staffEmailNotify`,`entryUserName`,`entryTime`,`apikey`) VALUES (22,'น.ส.รพีพรรณ แสงกระจ่าง','rapeepun.s@mhesi.go.th','0819122458','rapeepun.s@mhesi.go.th',1,'0','','0000-00-00 00:00:00',NULL);
INSERT INTO `staffUsers` (`id`,`staffFullName`,`staffUsername`,`staffPassword`,`staffEmail`,`staffStatus`,`staffEmailNotify`,`entryUserName`,`entryTime`,`apikey`) VALUES (23,'น.ส.ประภารัช ทิพย์สงเคราะห์','praparat.t@mhesi.go.th','0827995431','praparat.t@mhesi.go.th',1,'0','','0000-00-00 00:00:00',NULL);
INSERT INTO `staffUsers` (`id`,`staffFullName`,`staffUsername`,`staffPassword`,`staffEmail`,`staffStatus`,`staffEmailNotify`,`entryUserName`,`entryTime`,`apikey`) VALUES (24,'น.ส.สกุลวรรณ อรชุน','sakunwan.o@mhesi.go.th ','0850719445 ','sakunwan.o@mhesi.go.th ',1,'0','','0000-00-00 00:00:00',NULL);
INSERT INTO `staffUsers` (`id`,`staffFullName`,`staffUsername`,`staffPassword`,`staffEmail`,`staffStatus`,`staffEmailNotify`,`entryUserName`,`entryTime`,`apikey`) VALUES (25,'น.ส.นัดดา เจ๊ะยอเด','mccanut35@gmail.com','0869852247','mccanut35@gmail.com',1,'0','','0000-00-00 00:00:00',NULL);
INSERT INTO `staffUsers` (`id`,`staffFullName`,`staffUsername`,`staffPassword`,`staffEmail`,`staffStatus`,`staffEmailNotify`,`entryUserName`,`entryTime`,`apikey`) VALUES (26,'น.ส.ศิริธนัทษร กรุณกิจ','ksiri99999@gmail.com','0928914694','ksiri99999@gmail.com',1,'0','','0000-00-00 00:00:00',NULL);
INSERT INTO `staffUsers` (`id`,`staffFullName`,`staffUsername`,`staffPassword`,`staffEmail`,`staffStatus`,`staffEmailNotify`,`entryUserName`,`entryTime`,`apikey`) VALUES (27,'น.ส.สุนทราภรณ์ มะโน','new.scholar2021@gmail.com','0869553179','new.scholar2021@gmail.com',1,'0','','0000-00-00 00:00:00',NULL);
INSERT INTO `staffUsers` (`id`,`staffFullName`,`staffUsername`,`staffPassword`,`staffEmail`,`staffStatus`,`staffEmailNotify`,`entryUserName`,`entryTime`,`apikey`) VALUES (29,'คณะกลั่นกรอง 1','screen1','1234','',1,'0','ชนะพล ลมุลทรัพย์','2022-06-07 22:54:39',NULL);
INSERT INTO `staffUsers` (`id`,`staffFullName`,`staffUsername`,`staffPassword`,`staffEmail`,`staffStatus`,`staffEmailNotify`,`entryUserName`,`entryTime`,`apikey`) VALUES (30,'ปลัดฯ 1 ','permanent1','1234','',1,'0','ชนะพล ลมุลทรัพย์','2022-06-07 22:55:58',NULL);
INSERT INTO `staffUsers` (`id`,`staffFullName`,`staffUsername`,`staffPassword`,`staffEmail`,`staffStatus`,`staffEmailNotify`,`entryUserName`,`entryTime`,`apikey`) VALUES (31,'ขวัญชัย มวยดี','k.muaydee@gmail.com','12345678','k.muaydee@gmail.com',1,'','','2022-06-20 00:00:00','');
INSERT INTO `staffUsers` (`id`,`staffFullName`,`staffUsername`,`staffPassword`,`staffEmail`,`staffStatus`,`staffEmailNotify`,`entryUserName`,`entryTime`,`apikey`) VALUES (32,'user1','user1','user1','',1,'0','ชนะพล ลมุลทรัพย์','2022-06-27 09:38:07',NULL);
INSERT INTO `staffUsers` (`id`,`staffFullName`,`staffUsername`,`staffPassword`,`staffEmail`,`staffStatus`,`staffEmailNotify`,`entryUserName`,`entryTime`,`apikey`) VALUES (33,'user2','user2','user2','',1,'0','ชนะพล ลมุลทรัพย์','2022-06-27 09:39:01',NULL);
INSERT INTO `staffUsers` (`id`,`staffFullName`,`staffUsername`,`staffPassword`,`staffEmail`,`staffStatus`,`staffEmailNotify`,`entryUserName`,`entryTime`,`apikey`) VALUES (34,'user3','user3','user3','',1,'0','ชนะพล ลมุลทรัพย์','2022-06-27 09:39:19',NULL);
INSERT INTO `staffUsers` (`id`,`staffFullName`,`staffUsername`,`staffPassword`,`staffEmail`,`staffStatus`,`staffEmailNotify`,`entryUserName`,`entryTime`,`apikey`) VALUES (35,'user4','user4','user4','',1,'0','ชนะพล ลมุลทรัพย์','2022-06-27 09:39:33',NULL);
INSERT INTO `staffUsers` (`id`,`staffFullName`,`staffUsername`,`staffPassword`,`staffEmail`,`staffStatus`,`staffEmailNotify`,`entryUserName`,`entryTime`,`apikey`) VALUES (36,'user5','user5','user5','',1,'0','ชนะพล ลมุลทรัพย์','2022-06-27 09:39:44',NULL);
INSERT INTO `staffUsers` (`id`,`staffFullName`,`staffUsername`,`staffPassword`,`staffEmail`,`staffStatus`,`staffEmailNotify`,`entryUserName`,`entryTime`,`apikey`) VALUES (37,'user6','user6','user6','',1,'0','ชนะพล ลมุลทรัพย์','2022-06-27 09:39:54',NULL);
SET FOREIGN_KEY_CHECKS = 1;
SET FOREIGN_KEY_CHECKS = 0;
INSERT INTO `statusType` (`id`,`statusType`,`statusName`,`statusValue`,`entryUserName`,`entryTime`) VALUES (1,'staffStatus','ใช้งาน','1','','0000-00-00 00:00:00');
INSERT INTO `statusType` (`id`,`statusType`,`statusName`,`statusValue`,`entryUserName`,`entryTime`) VALUES (2,'staffStatus','ไม่ใช้งาน','0','','0000-00-00 00:00:00');
INSERT INTO `statusType` (`id`,`statusType`,`statusName`,`statusValue`,`entryUserName`,`entryTime`) VALUES (3,'staffEmailNotify','แจ้งเตือน','1','','0000-00-00 00:00:00');
INSERT INTO `statusType` (`id`,`statusType`,`statusName`,`statusValue`,`entryUserName`,`entryTime`) VALUES (4,'staffEmailNotify','ไม่แจ้งเตือน','0','','0000-00-00 00:00:00');
INSERT INTO `statusType` (`id`,`statusType`,`statusName`,`statusValue`,`entryUserName`,`entryTime`) VALUES (5,'researchConsiderFile','มี','true','','0000-00-00 00:00:00');
INSERT INTO `statusType` (`id`,`statusType`,`statusName`,`statusValue`,`entryUserName`,`entryTime`) VALUES (6,'researchConsiderFile','ไม่มี','false','','0000-00-00 00:00:00');
INSERT INTO `statusType` (`id`,`statusType`,`statusName`,`statusValue`,`entryUserName`,`entryTime`) VALUES (7,'researchRegisterDesc','มี','true','','0000-00-00 00:00:00');
INSERT INTO `statusType` (`id`,`statusType`,`statusName`,`statusValue`,`entryUserName`,`entryTime`) VALUES (8,'researchRegisterDesc','ไม่มี','false','','0000-00-00 00:00:00');
SET FOREIGN_KEY_CHECKS = 1;
